Product ID,Product Name,Product Price,Product Image
TEC-AC-10003033,Plantronics CS510 - Over-the-Head monaural Wireless Headset System, 444, zdjecie.png
OFF-BI-10003527,Fellowes PB500 Electric Punch Plastic Comb Binding Machine with Manual Bind
FUR-TA-10000198,Chromcraft Bull-Nose Wood Oval Conference Tables & Bases
OFF-SU-10002881,Martin Yale Chadless Opener Electric Letter Opener
TEC-AC-10004145,Logitech diNovo Edge Keyboard
TEC-PH-10001363,Apple iPhone 5S
TEC-PH-10002885,Apple iPhone 5
FUR-CH-10002024,HON 5400 Series Task Chairs for Big and Tall
FUR-TA-10003473,Bretford Rectangular Conference Table Tops
TEC-MA-10003979,Ativa V4110MDD Micro-Cut Shredder
TEC-MA-10004125,Cubify CubeX 3D Printer Triple Head Print
OFF-BI-10001120,Ibico EPK-21 Electric Binding System
TEC-CO-10001449,Hewlett Packard LaserJet 3310 Copier
TEC-CO-10001766,Canon PC940 Copier
TEC-PH-10001459,Samsung Galaxy Mega 6.3
TEC-MA-10000045,Zebra ZM400 Thermal Label Printer
OFF-AP-10002945,Honeywell Enviracaire Portable HEPA Air Cleaner for 17' x 22' Room
OFF-BI-10004995,GBC DocuBind P400 Electric Binding System
FUR-TA-10003392,Global Adaptabilities Conference Tables
FUR-TA-10004575,Hon 5100 Series Wood Tables
TEC-MA-10001047,"3D Systems Cube Printer, 2nd Generation, Magenta"
TEC-MA-10004002,Zebra GX420t Direct Thermal/Thermal Transfer Printer
OFF-ST-10001496,Standard Rollaway File with Lock
TEC-MA-10001127,"HP Designjet T520 Inkjet Large Format Printer - 24"" Color"
OFF-BI-10000545,GBC Ibimaster 500 Manual ProClick Binding System
FUR-TA-10001932,"Chromcraft 48"" x 96"" Racetrack Double Pedestal Table"
TEC-CO-10004722,Canon imageCLASS 2200 Advanced Copier
FUR-CH-10000749,Office Star - Ergonomic Mid Back Chair with 2-Way Adjustable Arms
FUR-CH-10001215,Global Troy Executive Leather Low-Back Tilter
FUR-CH-10001854,Office Star - Professional Matrix Back Chair with 2-to-1 Synchro Tilt and Mesh Fabric Seat
TEC-MA-10000984,Okidata MB760 Printer
FUR-CH-10002320,Hon Pagoda Stacking Chairs
FUR-CH-10000595,Safco Contoured Stacking Chairs
TEC-MA-10000822,Lexmark MX611dhe Monochrome Laser Printer
FUR-BO-10004834,"Riverside Palais Royal Lawyers Bookcase, Royale Cherry Finish"
TEC-AC-10003832,Logitechï¿½P710e Mobile Speakerphone
TEC-MA-10000418,Cubify CubeX 3D Printer Double Head Print
TEC-PH-10001494,Polycom CX600 IP Phone VoIP phone
TEC-PH-10002200,Samsung Galaxy Note 2
OFF-ST-10002011,Smead Adjustable Mobile File Trolley with Lockable Top
FUR-BO-10003404,"Global Adaptabilites Bookcase, Cherry/Storm Gray Finish"
TEC-MA-10003673,Hewlett-Packard Desktjet 6988DT Refurbished Printer
OFF-ST-10001490,"Hot File 7-Pocket, Floor Stand"
TEC-PH-10001578,Polycom SoundStation2 EX Conferenceï¿½phone
FUR-CH-10003312,Hon 2090 ï¿½Pillow Softï¿½ Series Mid Back Swivel/Tilt Chairs
TEC-CO-10001046,Canon Imageclass D680 Copier / Fax
OFF-BI-10001359,GBC DocuBind TL300 Electric Binding System
FUR-CH-10002335,Hon GuestStacker Chair
TEC-MA-10001148,Okidata MB491 Multifunction Printer
FUR-TA-10001705,Bush Advantage Collection Round Conference Table
TEC-AC-10002049,Plantronics Savi W720 Multi-Device Wireless Headset System
OFF-BI-10003925,Fellowes PB300 Plastic Comb Binding Machine
OFF-AP-10000275,"Sanyo Counter Height Refrigerator with Crisper, 3.6 Cubic Foot, Stainless Steel/Black"
OFF-AP-10003057,Honeywell Enviracaire Portable HEPA Air Cleaner for 16' x 20' Room
TEC-CO-10002095,Hewlett Packard 610 Color Digital Copier / Printer
OFF-ST-10004459,Tennsco Single-Tier Lockers
TEC-MA-10002178,Cisco CP-7937G Unified IP Conference Station Phone
TEC-MA-10000864,Cisco 9971 IP Video Phone Charcoal
TEC-CO-10003763,Canon PC1060 Personal Laser Copier
FUR-TA-10002903,"Bevis Round Bullnose 29"" High Table Top"
TEC-AC-10003870,Logitechï¿½Z-906 Speaker sys - home theater - 5.1-CH
FUR-TA-10004154,"Riverside Furniture Oval Coffee Table, Oval End Table, End Table with Drawer"
FUR-BO-10002545,"Atlantic Metals Mobile 3-Shelf Bookcases, Custom Colors"
OFF-BI-10003091,GBC DocuBind TL200 Manual Binding Machine
FUR-BO-10002213,DMI Eclipse Executive Suite Bookcases
TEC-PH-10004586,Wilson SignalBoost 841262 DB PRO Amplifier Kit
FUR-CH-10004086,Hon 4070 Series Pagoda Armless Upholstered Stacking Chairs
FUR-BO-10002613,"Atlantic Metals Mobile 4-Shelf Bookcases, Custom Colors"
OFF-BI-10004519,GBC DocuBind P100 Manual Binding Machine
FUR-CH-10000454,"Hon Deluxe Fabric Upholstered Stacking Chairs, Rounded Back"
TEC-PH-10001795,ClearOne CHATAttach 160 -ï¿½speaker phone
TEC-AC-10001838,Razer Tiamat Over Ear 7.1 Surround Sound PC Gaming Headset
TEC-MA-10000010,Hewlett-Packard Deskjet 3050a All-in-One Color Inkjet Printer
TEC-PH-10000730,Samsung Galaxy S4 Active
FUR-TA-10003954,Hon 94000 Series Round Tables
TEC-MA-10002428,Fellowes Powershred HS-440 4-Sheet High Security Shredder
TEC-MA-10000488,Bady BDG101FRU Card Printer
FUR-TA-10002533,BPI Conference Tables
TEC-MA-10002927,Canon imageCLASS MF7460 Monochrome Digital Laser Multifunction Copier
TEC-CO-10000971,Hewlett Packard 310 Color Digital Copier
FUR-TA-10003748,Bevis 36 x 72 Conference Tables
OFF-ST-10003716,Tennsco Double-Tier Lockers
FUR-TA-10000577,Bretford CR4500 Series Slim Rectangular Table
FUR-TA-10003569,Bretford CR8500 Series Meeting Room Furniture
FUR-CH-10004675,"Lifetime Advantage Folding Chairs, 4/Carton"
FUR-TA-10002958,"Bevis Oval Conference Table, Walnut"
FUR-CH-10004063,Global Deluxe High-Back Manager's Chair
FUR-CH-10003981,Global Commerce Series Low-Back Swivel/Tilt Chairs
FUR-BO-10004695,O'Sullivan 2-Door Barrister Bookcase in Odessa Pine
OFF-SU-10000151,High Speed Automatic Electric Letter Opener
FUR-CH-10000015,Hon Multipurpose Stacking Arm Chairs
TEC-PH-10002549,Polycom SoundPoint IP 450 VoIP phone
FUR-CH-10002073,Hon Olson Stacker Chairs
FUR-TA-10001095,Chromcraft Round Conference Tables
TEC-PH-10000486,Plantronics HL10 Handset Lifter
OFF-AP-10003217,Eureka Sanitaire  Commercial Upright
TEC-PH-10004977,GE 30524EE4
TEC-MA-10003356,Panasonic KX MC6040 Color Laser Multifunction Printer
FUR-TA-10001889,Bush Advantage Collection Racetrack Conference Table
OFF-AP-10003849,Hoover Shoulder Vac Commercial Portable Vacuum
OFF-ST-10003208,Adjustable Depth Letter/Legal Cart
TEC-PH-10004539,Wireless Extenders zBoost YX545 SOHO Signal Booster
FUR-TA-10001950,Balt Solid Wood Round Tables
FUR-TA-10001771,"Bush Cubix Conference Tables, Fully Assembled"
FUR-TA-10004619,Hon Non-Folding Utility Tables
OFF-ST-10002743,SAFCO Boltless Steel Shelving
OFF-AP-10002534,3.6 Cubic Foot Counter Height Office Refrigerator
TEC-AC-10002637,Logitechï¿½VX Revolution Cordless Laser Mouse for Notebooks (Black)
OFF-BI-10003656,Fellowes PB200 Plastic Comb Binding Machine
FUR-BO-10000112,"Bush Birmingham Collection Bookcase, Dark Cherry"
FUR-CH-10002331,Hon 4700 Series Mobuis Mid-Back Task Chairs with Adjustable Arms
TEC-CO-10004202,Brother DCP1000 Digital 3 in 1 Multifunction Machine
FUR-BO-10004218,"Bush Heritage Pine Collection 5-Shelf Bookcase, Albany Pine Finish, *Special Order"
FUR-CH-10004983,Office Star - Mid Back Dual function Ergonomic High Back Chair with 2-Way Adjustable Arms
OFF-BI-10004584,GBC ProClick 150 Presentation Binding System
FUR-CH-10003298,"Office Star - Contemporary Task Swivel chair with Loop Arms, Charcoal"
TEC-PH-10002555,Nortel Meridian M5316 Digital phone
TEC-PH-10000895,Polycom VVX 310 VoIP phone
FUR-TA-10003715,Hon 2111 Invitation Series Corner Table
TEC-AC-10001908,Logitech Wireless Headset h800
TEC-CO-10002313,Canon PC1080F Personal Copier
FUR-CH-10000847,Global Executive Mid-Back Manager's Chair
TEC-MA-10003353,Xerox WorkCentre 6505DN Laser Multifunction Printer
FUR-CH-10003379,Global Commerce Series High-Back Swivel/Tilt Chairs
FUR-FU-10003806,"Tenex Chairmat w/ Average Lip, 45"" x 53"""
FUR-CH-10003973,GuestStacker Chair with Chrome Finish Legs
OFF-AP-10002518,Kensington 7 Outlet MasterPiece Power Center
TEC-PH-10002114,Xiaomi Mi3
TEC-PH-10000984,Panasonic KX-TG9471B
TEC-MA-10002073,"3D Systems Cube Printer, 2nd Generation, White"
TEC-MA-10001695,Zebra GK420t Direct Thermal/Thermal Transfer Printer
OFF-ST-10003306,Letter Size Cart
OFF-ST-10000585,Economy Rollaway Files
TEC-PH-10003072,Panasonic KX-TG9541B DECT 6.0 Digital 2-Line Expandable Cordless Phone With Digital Answering System
TEC-MA-10000112,Panasonic KX MB2061 Multifunction Printer
FUR-BO-10002213,"Sauder Forest Hills Library, Woodland Oak Finish"
FUR-FU-10001468,Tenex Antistatic Computer Chair Mats
TEC-MA-10002937,"Canon Color ImageCLASS MF8580Cdw Wireless Laser All-In-One Printer, Copier, Scanner"
FUR-TA-10004915,"Office Impressions End Table, 20-1/2""H x 24""W x 20""D"
OFF-ST-10000078,Tennsco 6- and 18-Compartment Lockers
TEC-PH-10000455,GE 30522EE2
TEC-PH-10002584,Samsung Galaxy S4
FUR-CH-10000513,High-Back Leather Manager's Chair
OFF-ST-10004340,"Fellowes Mobile File Cart, Black"
TEC-AC-10002049,Logitech G19 Programmable Gaming Keyboard
OFF-BI-10003650,GBC DocuBind 300 Electric Binding Machine
FUR-CH-10000988,Hon Olson Stacker Stools
FUR-CH-10003746,Hon 4070 Series Pagoda Round Back Stacking Chairs
TEC-AC-10001539,Logitech G430 Surround Sound Gaming Headset with Dolby 7.1 Technology
OFF-ST-10000060,Fellowes Bankers Box Staxonsteel Drawer File/Stacking System
TEC-PH-10003811,Jabra Supreme Plus Driver Editionï¿½Headset
TEC-PH-10002922,ShoreTel ShorePhone IP 230 VoIP phone
FUR-TA-10003238,"Chromcraft Bull-Nose Wood 48"" x 96"" Rectangular Conference Tables"
TEC-AC-10004666,Maxellï¿½iVDR EX 500GB Cartridge
FUR-FU-10004665,"3M Polarizing Task Lamp with Clamp Arm, Light Gray"
OFF-AP-10001058,Sanyo 2.5 Cubic Foot Mid-Size Office Refrigerators
OFF-BI-10004390,GBC DocuBind 200 Manual Binding Machine
OFF-AP-10003590,Hoover WindTunnel Plus Canister Vacuum
TEC-PH-10002660,Nortel Networks T7316 E Nt8 B27
TEC-PH-10001530,Cisco Unified IP Phone 7945G VoIP phone
OFF-ST-10002615,"Dual Level, Single-Width Filing Carts"
TEC-PH-10004165,Mitel MiVoice 5330e IP Phone
OFF-AP-10000891,Kensington 7 Outlet MasterPiece HOMEOFFICE Power Control Center
TEC-PH-10002680,Samsung Galaxy Note 3
OFF-BI-10004600,Ibico Ibimaster 300 Manual Binding System
OFF-AP-10003779,Kensington 7 Outlet MasterPiece Power Center with Fax/Phone Line Protection
TEC-PH-10001760,Bose SoundLink Bluetooth Speaker
TEC-PH-10001817,Wilson Electronics DB Pro Signal Booster
TEC-MA-10001972,Okidata C331dn Printer
FUR-FU-10000576,Luxo Professional Fluorescent Magnifier Lamp with Clamp-Mount Base
OFF-BI-10002867,GBC Recycled Regency Composition Covers
OFF-ST-10003805,"24 Capacity Maxi Data Binder Racks, Pearl"
TEC-PH-10000560,Samsung Galaxy S III - 16GB - pebble blue (T-Mobile)
FUR-CH-10002880,"Global High-Back Leather Tilter, Burgundy"
OFF-ST-10003816,Fellowes High-Stak Drawer Files
TEC-PH-10002310,Plantronics Calisto P620-M USB Wireless Speakerphone System
TEC-AC-10002842,WD My Passport Ultra 2TB Portable External Hard Drive
FUR-BO-10001811,"Atlantic Metals Mobile 5-Shelf Bookcases, Custom Colors"
FUR-TA-10004534,Bevis 44 x 96 Conference Tables
TEC-PH-10001079,Polycom SoundPoint Pro SE-225 Corded phone
TEC-MA-10004552,Star Micronics TSP100 TSP143LAN Receipt Printer
FUR-CH-10004997,Hon Every-Day Series Multi-Task Chairs
OFF-AP-10002651,Hoover Upright Vacuum With Dirt Cup
FUR-CH-10004495,"Global Leather and Oak Executive Chair, Black"
TEC-AC-10004171,Razer Kraken 7.1 Surround Sound Over Ear USB Gaming Headset
OFF-BI-10004632,Ibico Hi-Tech Manual Binding System
OFF-BI-10003718,GBC Therma-A-Bind 250T Electric Binding System
FUR-CH-10001394,Global Leather Executive Chair
OFF-ST-10001526,Iceberg Mobile Mega Data/Printer Cart 
OFF-AP-10001293,Belkin 8 Outlet Surge Protector
FUR-TA-10000688,"Chromcraft Bull-Nose Wood Round Conference Table Top, Wood Base"
OFF-ST-10000025,Fellowes Stor/Drawer Steel Plus Storage Drawers
FUR-CH-10002965,"Global Leather Highback Executive Chair with Pneumatic Height Adjustment, Black"
TEC-PH-10003963,GE 2-Jack Phone Line Splitter
TEC-AC-10000474,Kensington Expert Mouse Optical USB Trackball for PC or Mac
TEC-CO-10004115,Sharp AL-1530CS Digital Copier
TEC-AC-10000736,Logitech G600 MMO Gaming Mouse
TEC-AC-10002253,Imation Bio 8GB USBï¿½Flash Drive Imationï¿½Corp
OFF-PA-10000994,Xerox 1915
TEC-PH-10003645,Aastra 57i VoIP phone
TEC-AC-10003174,Plantronics S12 Corded Telephone Headset System
TEC-PH-10001530,Plantronics Voyager Pro Legend
TEC-MA-10003230,Okidata C610n Printer
TEC-AC-10001990,Kensington Orbit Wireless Mobile Trackball for PC and Mac
OFF-ST-10001780,Tennsco 16-Compartment Lockers with Coat Rack
TEC-PH-10002352,Avaya IP Phone 1140E VoIP phone
TEC-PH-10001835,Jawbone JAMBOX Wireless Bluetooth Speaker
FUR-CH-10000155,Global Comet Stacking Armless Chair
FUR-CH-10002602,DMI Arturo Collection Mission-style Design Wood Chair
FUR-BO-10004357,O'Sullivan Living Dimensions 3-Shelf Bookcases
TEC-CO-10001943,Canon PC-428 Personal Copier
OFF-ST-10003470,"Tennsco Snap-Together Open Shelving Units, Starter Sets and Add-On Units"
OFF-AP-10000828,Avanti 4.4 Cu. Ft. Refrigerator
TEC-PH-10001619,LG G3
FUR-CH-10004853,"Global Manager's Adjustable Task Chair, Storm"
FUR-CH-10004626,Office Star Flex Back Scooter Chair with Aluminum Finish Frame
OFF-ST-10002574,"SAFCO Commercial Wire Shelving, Black"
FUR-TA-10004256,Bretford ï¿½Just In Timeï¿½ Height-Adjustable Multi-Task Work Tables
TEC-PH-10004094,Motorola L703CM
FUR-CH-10004477,"Global Push Button Manager's Chair, Indigo"
FUR-CH-10000863,Novimex Swivel Fabric Task Chair
TEC-PH-10002624,Samsung Galaxy S4 Mini
FUR-TA-10002530,"Iceberg OfficeWorks 42"" Round Tables"
FUR-CH-10000785,Global Ergonomic Managers Chair
TEC-PH-10004908,Panasonic KX TS3282W Corded phone
FUR-BO-10004015,"Bush Andora Bookcase, Maple/Graphite Gray Finish"
FUR-CH-10000309,Global Comet Stacking Arm Chair
TEC-PH-10004120,AT&T 1080 Phone
TEC-PH-10000526,Vtech CS6719
TEC-AC-10000990,Imation Bio 2GB USBï¿½Flash Drive Imationï¿½Corp
TEC-PH-10002834,Google Nexus 5
FUR-CH-10004287,SAFCO Arco Folding Chair
TEC-PH-10003505,Geemarc AmpliPOWER60
TEC-PH-10002415,Polycom VoiceStation 500 Conferenceï¿½phone
FUR-TA-10002645,Hon Rectangular Conference Tables
FUR-BO-10003272,O'Sullivan Living Dimensions 5-Shelf Bookcases
TEC-PH-10001336,Digium D40 VoIP phone
FUR-FU-10003773,Eldon Cleatmat Plus Chair Mats for High Pile Carpets
OFF-ST-10001097,Office Impressions Heavy Duty Welded Shelving & Multimedia Storage Drawers
TEC-CO-10003236,Canon Image Class D660 Copier
OFF-PA-10003395,Xerox 1941
FUR-TA-10000617,"Hon Practical Foundations 30 x 60 Training Table, Light Gray/Charcoal"
TEC-PH-10000369,HTC One Mini
TEC-PH-10004241,Nokia Lumia 1020
TEC-PH-10002496,Cisco SPA301
FUR-CH-10003774,"Global Wood Trimmed Manager's Task Chair, Khaki"
OFF-ST-10002974,"Trav-L-File Heavy-Duty Shuttle II, Black"
FUR-TA-10001039,KI Adjustable-Height Table
TEC-PH-10002262,LG Electronics Tone+ HBS-730 Bluetooth Headset
OFF-ST-10001932,Fellowes Staxonsteel Drawer Files
TEC-MA-10004679,StarTech.com 10/100 VDSL2 Ethernet Extender Kit
TEC-PH-10002563,Adtran 1202752G1
FUR-FU-10004306,Electrix Halogen Magnifier Lamp
OFF-AP-10002684,"Acco 7-Outlet Masterpiece Power Center, Wihtout Fax/Phone Line Protection"
FUR-TA-10002855,Bevis Round Conference Table Top & Single Column Base
TEC-PH-10001918,Nortel Business Series Terminal T7208 Digital phone
FUR-CH-10003061,"Global Leather Task Chair, Black"
OFF-AP-10004487,Kensington 4 Outlet MasterPiece Compact Power Control Center
TEC-AC-10000844,Logitechï¿½Gaming G510s - Keyboard
FUR-FU-10003708,"Tenex Traditional Chairmats for Medium Pile Carpet, Standard Lip, 36"" x 48"""
FUR-CH-10004289,Global Super Steno Chair
OFF-AR-10002671,"Hunt BOSTON Model 1606 High-Volume Electric Pencil Sharpener, Beige"
FUR-CH-10002126,Hon Deluxe Fabric Upholstered Stacking Chairs
OFF-AP-10000938,Avanti 1.7 Cu. Ft. Refrigerator
TEC-AC-10001552,Logitech K350 2.4Ghz Wireless Keyboard
FUR-TA-10001539,Chromcraft Rectangular Conference Tables
FUR-TA-10001307,"SAFCO PlanMaster Heigh-Adjustable Drafting Table Base, 43w x 30d x 30-37h, Black"
FUR-CH-10004218,"Global Fabric Manager's Chair, Dark Gray"
TEC-AC-10002402,Razer Kraken PRO Over Ear PC and Music Headset
OFF-ST-10003282,"Advantus 10-Drawer Portable Organizer, Chrome Metal Frame, Smoke Drawers"
OFF-ST-10000142,Deluxe Rollaway Locking File with Drawer
FUR-BO-10000362,Sauder Inglewood Library Bookcases
TEC-AC-10002001,Logitech Wireless Gaming Headset G930
FUR-CH-10003761,Global Italian Leather Office Chair
TEC-PH-10003012,Nortel Meridian M3904 Professional Digital phone
TEC-PH-10003484,Ooma Telo VoIP Home Phone System
OFF-ST-10002756,"Tennsco Stur-D-Stor Boltless Shelving, 5 Shelves, 24"" Deep, Sand"
OFF-ST-10000046,Fellowes Super Stor/Drawer Files
TEC-PH-10003601,"Ativa D5772 2-Line 5.8GHz Digital Expandable Corded/Cordless Phone System with Answering & Caller ID/Call Waiting, Black/Silver"
TEC-PH-10002483,Motorola Moto X
FUR-BO-10000780,O'Sullivan Plantations 2-Door Library in Landvery Oak
FUR-TA-10002622,"Bush Andora Conference Table, Maple/Graphite Gray Finish"
TEC-AC-10004975,Plantronics Audio 995 Wireless Stereo Headset
FUR-CH-10003956,Novimex High-Tech Fabric Mesh Task Chair
FUR-CH-10001190,Global Deluxe High-Back Office Chair in Storm
TEC-MA-10003183,DYMO CardScan Personal V9 Business Card Scanner
OFF-PA-10000418,Xerox 189
TEC-PH-10001819,Innergie mMini Combo Duo USB Travel Charging Kit
FUR-TA-10002774,Laminate Occasional Tables
TEC-AC-10003911,NETGEAR AC1750 Dual Band Gigabitï¿½Smart WiFi Router
OFF-ST-10002790,Safco Industrial Shelving
TEC-PH-10003691,BlackBerry Q10
FUR-BO-10001337,O'Sullivan Living Dimensions 2-Shelf Bookcases
OFF-ST-10001809,Fellowes Officeware Wire Shelving
TEC-PH-10002824,Jabra SPEAK 410 Multidevice Speakerphone
TEC-AC-10003198,Enermax Acrylux Wireless Keyboard
OFF-ST-10000991,Space Solutions HD Industrial Steel Shelving.
TEC-MA-10001148,Swingline SM12-08 MicroCut Jam Free Shredder
FUR-CH-10001708,Office Star - Contemporary Swivel Chair with Padded Adjustable Arms and Flex Back
OFF-SU-10000646,Premier Automatic Letter Opener
FUR-CH-10003606,SAFCO Folding Chair Trolley
FUR-CH-10000665,"Global Airflow Leather Mesh Back Chair, Black"
FUR-BO-10001972,O'Sullivan 4-Shelf Bookcase in Odessa Pine
TEC-AC-10002076,Microsoft Natural Keyboard Elite
TEC-PH-10002789,LG Exalt
FUR-FU-10003930,Howard Miller 12-3/4 Diameter Accuwave DS  Wall Clock
TEC-PH-10003580,Cisco IP Phone 7961G-GE VoIP phone
FUR-CH-10001891,Global Deluxe Office Fabric Chairs
FUR-CH-10003817,"Global Value Steno Chair, Gray"
TEC-PH-10001425,Mophie Juice Pack Helium for iPhone
FUR-TA-10001768,Hon Racetrack Conference Tables
OFF-SU-10003505,Premier Electric Letter Opener
OFF-AP-10001394,Harmony Air Purifier
OFF-ST-10001511,Space Solutions Commercial Steel Shelving
TEC-PH-10001557,Pyle PMP37LED
FUR-TA-10004607,Hon 2111 Invitation Series Straight Table
OFF-SU-10000157,Compact Automatic Electric Letter Opener
TEC-PH-10002033,Konftel 250 Conferenceï¿½phoneï¿½- Charcoal black
TEC-AC-10004571,Logitech G700s Rechargeable Gaming Mouse
TEC-PH-10004042,ClearOne Communications CHAT 70 OCï¿½Speaker Phone
OFF-ST-10000689,"Fellowes Strictly Business Drawer File, Letter/Legal Size"
OFF-BI-10001718,GBC DocuBind P50 Personal Binding Machine
OFF-EN-10004206,Multimedia Mailers
TEC-PH-10002275,Mitel 5320 IP Phone VoIP phone
FUR-CH-10000229,Global Enterprise Series Seating High-Back Swivel/Tilt Chairs
TEC-PH-10004536,Avaya 5420 Digital phone
FUR-BO-10003965,O'Sullivan Manor Hill 2-Door Library in Brianna Oak
FUR-TA-10003008,"Lesro Round Back Collection Coffee Table, End Table"
TEC-MA-10004241,Star Micronics TSP800 TSP847IIU Receipt Printer
OFF-BI-10004318,Ibico EB-19 Dual Function Manual Binding System
TEC-PH-10004447,Toshiba IPT2010-SD IPï¿½Telephone
FUR-BO-10003546,Hon 4-Shelf Metal Bookcases
TEC-PH-10001051,HTC One
FUR-FU-10000277,Deflect-o DuraMat Antistatic Studded Beveled Mat for Medium Pile Carpeting
TEC-PH-10002103,Jabra SPEAK 410
FUR-TA-10004152,"Barricks 18"" x 48"" Non-Folding Utility Table with Bottom Storage Shelf"
FUR-BO-10004709,"Bush Westfield Collection Bookcases, Medium Cherry Finish"
TEC-PH-10001944,Wi-Ex zBoost YX540 Cellular Phone Signal Booster
OFF-LA-10003930,"Dot Matrix Printer Tape Reel Labels, White, 5000/Box"
TEC-AC-10003628,Logitech 910-002974 M325 Wireless Mouse for Web Scrolling
FUR-CH-10000422,Global Highback Leather Tilter in Burgundy
FUR-BO-10001798,Bush Somerset Collection Bookcase
TEC-PH-10002468,"Plantronics CS 50-USB -ï¿½headsetï¿½- Convertible, Monaural"
FUR-TA-10004086,KI Adjustable-Height Table
OFF-ST-10001128,"Carina Mini System Audio Rack, Model AR050B"
FUR-FU-10004848,"Howard Miller 13-3/4"" Diameter Brushed Chrome Round Wall Clock"
TEC-MA-10004212,Cisco SPA525G2 5-Line IP Phone
TEC-AC-10000892,NETGEAR N750 Dual Band Wi-Fi Gigabit Router
FUR-BO-10003034,"O'Sullivan Elevations Bookcase, Cherry Finish"
TEC-PH-10004667,Cisco 8x8 Inc. 6753i IP Business Phone System
OFF-AP-10002457,"Eureka The Boss Plus 12-Amp Hard Box Upright Vacuum, Red"
OFF-PA-10001497,Xerox 1914
OFF-ST-10001370,Sensible Storage WireTech Storage Systems
FUR-FU-10000308,Deflect-o Glass Clear Studded Chair Mats
TEC-AC-10001874,Logitech Wireless Anywhere Mouse MX for PC and Mac
OFF-AP-10001005,Honeywell Quietcare HEPA Air Cleaner
OFF-EN-10000056,Cameo Buff Policy Envelopes
TEC-PH-10001795,RCA H5401RE1 DECT 6.0 4-Line Cordless Handset With Caller ID/Call Waiting
FUR-CH-10002647,"Situations Contoured Folding Chairs, 4/Set"
TEC-PH-10000576,AT&T 1080 Corded phone
OFF-PA-10003228,Xerox 1917
FUR-BO-10003159,"Sauder Camden County Collection Libraries, Planked Cherry Finish"
OFF-AR-10003903,Sanford 52201 APSCO Electric Pencil Sharpener
OFF-PA-10003892,Xerox 1943
FUR-BO-10001601,"Sauder Mission Library with Doors, Fruitwood Finish"
FUR-FU-10003192,Luxo Adjustable Task Clamp Lamp
OFF-EN-10003001,Ames Color-File Green Diamond Border X-ray Mailers
FUR-BO-10002916,"Rush Hierlooms Collection 1"" Thick Stackable Bookcases"
OFF-BI-10002794,"Avery Trapezoid Ring Binder, 3"" Capacity, Black, 1040 sheets"
FUR-CH-10003846,Hon Valutask Swivel Chairs
OFF-ST-10003641,Space Solutions Industrial Galvanized Steel Shelving.
OFF-ST-10004186,"Stur-D-Stor Shelving, Vertical 5-Shelf: 72""H x 36""W x 18 1/2""D"
TEC-AC-10003095,Logitech G35 7.1-Channel Surround Sound Headset
TEC-MA-10004458,Lexmark X 9575 Professional All-in-One Color Printer
TEC-PH-10002200,Aastra 6757i CT Wireless VoIP phone
TEC-AC-10002567,Logitech G602 Wireless Gaming Mouse
FUR-CH-10001270,Harbour Creations Steel Folding Chair
OFF-AP-10001564,Hoover Commercial Lightweight Upright Vacuum with E-Z Empty Dirt Cup
OFF-AR-10001953,Boston 1645 Deluxe Heavier-Duty Electric Pencil Sharpener
TEC-CO-10001571,Sharp 1540cs Digital Laser Copier
TEC-PH-10004389,Nokia Lumia 925
TEC-AC-10004659,Imationï¿½Secure+ Hardware Encrypted USB 2.0ï¿½Flash Drive; 16GB
OFF-AP-10000026,Tripp Lite Isotel 6 Outlet Surge Protector with Fax/Modem Protection
TEC-AC-10001432,Enermax Aurora Lite Keyboard
FUR-TA-10001086,"SAFCO PlanMaster Boards, 60w x 37-1/2d, White Melamine"
OFF-AR-10002135,Boston Heavy-Duty Trimline Electric Pencil Sharpeners
FUR-CH-10004698,"Padded Folding Chairs, Black, 4/Carton"
FUR-TA-10002356,Bevis Boat-Shaped Conference Table
FUR-CH-10003968,Novimex Turbo Task Chair
FUR-FU-10004091,"Howard Miller 13"" Diameter Goldtone Round Wall Clock"
OFF-PA-10000806,Xerox 1934
TEC-PH-10003357,Grandstream GXP2100 Mainstream Business Phone
OFF-AP-10000576,"Belkin 325VA UPS Surge Protector, 6'"
TEC-PH-10001468,Panasonic Businessï¿½Telephonesï¿½KX-T7736
TEC-PH-10003437,Blue Parrot B250XT Professional Grade Wireless Bluetoothï¿½Headsetï¿½with
FUR-TA-10002607,KI Conference Tables
TEC-MA-10003626,Hewlett-Packard Deskjet 6540 Color Inkjet Printer
OFF-ST-10001272,"Mini 13-1/2 Capacity Data Binder Rack, Pearl"
OFF-ST-10004123,Safco Industrial Wire Shelving System
OFF-AP-10000326,Belkin 7 Outlet SurgeMaster Surge Protector with Phone Protection
OFF-ST-10002292,"Sauder Facets Collection Locker/File Cabinet, Sky Alder Finish"
OFF-AP-10001124,Belkin 8 Outlet SurgeMaster II Gold Surge Protector with Phone Protection
OFF-PA-10001289,White Computer Printout Paper by Universal
TEC-PH-10004434,Cisco IPï¿½Phoneï¿½7961G VoIPï¿½phoneï¿½- Dark gray
FUR-CH-10001146,"Global Value Mid-Back Manager's Chair, Gray"
FUR-FU-10000305,"Tenex V2T-RE Standard Weight Series Chair Mat, 45"" x 53"", Lip 25"" x 12"""
TEC-PH-10004614,AT&T 841000 Phone
OFF-AR-10000380,"Hunt PowerHouse Electric Pencil Sharpener, Blue"
FUR-FU-10000965,"Howard Miller 11-1/2"" Diameter Ridgewood Wall Clock"
OFF-PA-10000062,Green Bar Computer Printout Paper
FUR-CH-10001714,"Global Leather & Oak Executive Chair, Burgundy"
FUR-CH-10002961,"Leather Task Chair, Black"
FUR-CH-10004886,Bevis Steel Folding Chairs
FUR-FU-10002918,Eldon ClusterMat Chair Mat with Cordless Antistatic Protection
OFF-ST-10001469,Fellowes Bankers Box Recycled Super Stor/Drawer
TEC-PH-10003273,AT&T TR1909W
OFF-PA-10000357,"White Dual Perf Computer Printout Paper, 2700 Sheets, 1 Part, Heavyweight, 20 lbs., 14 7/8 x 11"
FUR-FU-10004748,"Howard Miller 16"" Diameter Gallery Wall Clock"
TEC-AC-10002926,Logitech Wireless Marathon Mouse M705
OFF-ST-10000129,Fellowes Recycled Storage Drawers
OFF-AP-10002311,"Holmes Replacement Filter for HEPA Air Cleaner, Very Large Room, HEPA Filter"
TEC-AC-10000865,WD My Passport Ultra 500GB Portable External Hard Drive
FUR-BO-10004690,O'Sullivan Cherrywood Estates Traditional Barrister Bookcase
FUR-FU-10002298,"Rubbermaid ClusterMat Chairmats, Mat Size- 66"" x 60"", Lip 20"" x 11"" -90 Degree Angle"
FUR-FU-10003374,Electrix Fluorescent Magnifier Lamps & Weighted Base
FUR-CH-10000225,"Global Geo Office Task Chair, Gray"
OFF-PA-10002377,Xerox 1916
OFF-AP-10002734,Holmes Harmony HEPA Air Purifier for 17 x 20 Room
TEC-AC-10000023,"Maxell 74 Minute CD-R Spindle, 50/Pack"
TEC-PH-10004093,Panasonic Kx-TS550
FUR-CH-10001973,Office Star Flex Back Scooter Chair with White Frame
FUR-TA-10004289,BoxOffice By Design Rectangular and Half-Moon Meeting Room Tables
TEC-PH-10001254,Jabra BIZ 2300 Duo QD Duo Cordedï¿½Headset
FUR-FU-10000747,Tenex B1-RE Series Chair Mats for Low Pile Carpets
FUR-FU-10002937,"GE 48"" Fluorescent Tube, Cool White Energy Saver, 34 Watts, 30/Box"
TEC-AC-10004761,Maxell 4.7GB DVD+RW 3/Pack
FUR-FU-10003664,"Electrix Architect's Clamp-On Swing Arm Lamp, Black"
TEC-PH-10000141,Clearsounds A400
OFF-ST-10000736,Carina Double Wide Media Storage Towers in Natural & Black
TEC-AC-10004420,Cherry 142-key Programmable Keyboard
FUR-TA-10004767,Safco Drafting Table
TEC-PH-10004345,Cisco SPA 502G IP Phone
TEC-PH-10001580,Logitech Mobile Speakerphone P710e -ï¿½speaker phone
FUR-BO-10001608,"Hon Metal Bookcases, Black"
TEC-MA-10003176,Okidata B400 Printer
OFF-EN-10004773,Staples
TEC-PH-10001299,Polycom CX300 Desktop Phone USB VoIP phone
FUR-BO-10003966,"Sauder Facets Collection Library, Sky Alder Finish"
FUR-CH-10004860,Global Low Back Tilter Chair
FUR-CH-10002304,"Global Stack Chair without Arms, Black"
TEC-PH-10002310,Panasonic KX T7731-B Digital phone
OFF-AP-10002118,"1.7 Cubic Foot Compact ""Cube"" Office Refrigerators"
TEC-PH-10000441,VTech DS6151
FUR-FU-10003601,"Deflect-o RollaMat Studded, Beveled Mat for Medium Pile Carpeting"
TEC-AC-10003832,Imationï¿½16GB Mini TravelDrive USB 2.0ï¿½Flash Drive
OFF-ST-10000107,Fellowes Super Stor/Drawer
TEC-MA-10002109,"HP Officejet Pro 8600 e-All-In-One Printer, Copier, Scanner, Fax"
FUR-FU-10004845,"Deflect-o EconoMat Nonstudded, No Bevel Mat"
OFF-PA-10004327,Xerox 1911
OFF-PA-10001144,Xerox 1913
TEC-MA-10001681,Lexmark MarkNet N8150 Wireless Print Server
FUR-FU-10004904,"Eldon ""L"" Workstation Diamond Chairmat"
OFF-AP-10002403,Acco Smartsocket Color-Coded Six-Outlet AC Adapter Model Surge Protectors
FUR-BO-10004467,Bestar Classic Bookcase
OFF-BI-10004593,Ibico Laser Imprintable Binding System Covers
OFF-AP-10002867,Fellowes Command Center 5-outlet power strip
FUR-TA-10004175,"Hon 30"" x 60"" Table with Locking Drawer"
OFF-ST-10001963,Tennsco Regal Shelving Units
FUR-FU-10001979,Dana Halogen Swing-Arm Architect Lamp
TEC-MA-10002210,Epson TM-T88V Direct Thermal Printer - Monochrome - Desktop
TEC-MA-10002859,Ativa MDM8000 8-Sheet Micro-Cut Shredder
TEC-AC-10002800,Plantronics Audio 478 Stereo USB Headset
OFF-PA-10003039,Xerox 1960
OFF-ST-10001522,"Gould Plastics 18-Pocket Panel Bin, 34w x 5-1/4d x 20-1/2h"
FUR-TA-10002041,"Bevis Round Conference Table Top, X-Base"
TEC-PH-10000215,Plantronics Cordlessï¿½Phone Headsetï¿½with In-line Volume - M214C
TEC-AC-10003610,Logitechï¿½Illuminated - Keyboard
FUR-BO-10003893,Sauder Camden County Collection Library
OFF-AP-10000179,Honeywell Enviracaire Portable HEPA Air Cleaner for up to 10 x 16 Room
TEC-AC-10002167,Imationï¿½8gb Micro Traveldrive Usb 2.0ï¿½Flash Drive
FUR-FU-10004071,Luxo Professional Magnifying Clamp-On Fluorescent Lamps
TEC-AC-10000420,Logitech G500s Laser Gaming Mouse with Adjustable Weight Tuning
FUR-TA-10002228,"Bevis Traditional Conference Table Top, Plinth Base"
TEC-PH-10003171,Plantronics Encore H101 Dual Earpiecesï¿½Headset
OFF-AR-10003373,"Boston School Pro Electric Pencil Sharpener, 1670"
OFF-BI-10000977,Ibico Plastic Spiral Binding Combs
OFF-PA-10000100,Xerox 1945
OFF-ST-10001418,Carina Media Storage Towers in Natural & Black
TEC-PH-10003174,RCA ViSYS 25825 Wireless digital phone
FUR-TA-10004442,Riverside Furniture Stanwyck Manor Table Series
OFF-ST-10002205,File Shuttle I and Handi-File
OFF-ST-10004804,"Belkin 19"" Vented Equipment Shelf, Black"
TEC-AC-10001465,SanDisk Cruzer 64 GB USB Flash Drive
TEC-AC-10002647,"Logitechï¿½Wireless Boombox Speaker - portable - wireless, wired"
TEC-PH-10002398,AT&T 1070 Corded Phone
FUR-FU-10001488,"Tenex 46"" x 60"" Computer Anti-Static Chairmat, Rectangular Shaped"
TEC-AC-10001767,SanDisk Ultra 64 GB MicroSDHC Class 10 Memory Card
OFF-ST-10003656,Safco Industrial Wire Shelving
TEC-AC-10001314,Case Logic 2.4GHz Wireless Keyboard
OFF-PA-10001970,Xerox 1908
OFF-EN-10002831,"Tyvek  Top-Opening Peel & Seel  Envelopes, Gray"
TEC-PH-10002597,Xblue XB-1670-86 X16 Smallï¿½Office Telephoneï¿½- Titanium
TEC-PH-10000673,Plantronics Voyager Pro HD - Bluetooth Headset
FUR-CH-10002758,"Hon Deluxe Fabric Upholstered Stacking Chairs, Squared Back"
OFF-EN-10002230,Airmail Envelopes
OFF-AP-10001391,Kensington 6 Outlet MasterPiece HOMEOFFICE Power Control Center
OFF-AR-10000937,"Dixon Ticonderoga Core-Lock Colored Pencils, 48-Color Set"
TEC-AC-10004353,Hypercom P1300 Pinpad
OFF-AP-10001242,APC 7 Outlet Network SurgeArrest Surge Protector
TEC-AC-10004901,Kensington SlimBlade Notebook Wireless Mouse with Nano Receiver 
TEC-PH-10002583,iOttie HLCRIO102 Car Mount
TEC-PH-10002115,Plantronics 81402
FUR-CH-10003199,Office Star - Contemporary Task Swivel Chair
FUR-FU-10001588,"Deflect-o SuperTray Unbreakable Stackable Tray, Letter, Black"
OFF-ST-10000532,Advantus Rolling Drawer Organizers
FUR-FU-10003394,"Tenex ""The Solids"" Textured Chair Mats"
FUR-FU-10001290,Executive Impressions Supervisor Wall Clock
TEC-PH-10001809,Panasonic KX T7736-B Digital phone
FUR-TA-10001520,"Lesro Sheffield Collection Coffee Table, End Table, Center Table, Corner Table"
FUR-FU-10004188,Luxo Professional Combination Clamp-On Lamps
OFF-AP-10002439,Tripp Lite Isotel 8 Ultra 8 Outlet Metal Surge
OFF-PA-10004359,Multicolor Computer Printout Paper
FUR-CH-10001545,Hon Comfortask Task/Swivel Chairs
FUR-CH-10002084,Hon Mobius Operator's Chair
OFF-ST-10001713,"Gould Plastics 9-Pocket Panel Bin, 18-3/8w x 5-1/4d x 20-1/2h, Black"
OFF-PA-10002120,Xerox 1889
OFF-PA-10001281,Computer Printout Paper with Letter-Trim Fine Perforations
OFF-ST-10000604,Home/Office Personal File Carts
OFF-AP-10000240,Belkin F9G930V10-GRY 9 Outlet Surge
TEC-AC-10004595,First Data TMFD35 PIN Pad
TEC-PH-10001128,Motorola Droid Maxx
OFF-LA-10003510,"Avery 4027 File Folder Labels for Dot Matrix Printers, 5000 Labels per Box, White"
FUR-BO-10000711,"Hon Metal Bookcases, Gray"
OFF-AP-10004336,"Conquest 14 Commercial Heavy-Duty Upright Vacuum, Collection System, Accessory Kit"
TEC-AC-10000580,Logitech G13 Programmable Gameboard with LCD Display
TEC-PH-10004922,RCA Visys Integrated PBX 8-Line Router
OFF-PA-10003302,Xerox 1906
FUR-TA-10004147,Hon 4060 Series Tables
OFF-ST-10002344,"Carina 42""Hx23 3/4""W Media Storage Unit"
FUR-FU-10004864,"Howard Miller 14-1/2"" Diameter Chrome Round Wall Clock"
FUR-BO-10001519,O'Sullivan 3-Shelf Heavy-Duty Bookcases
OFF-AP-10000159,Belkin F9M820V08 8 Outlet Surge
FUR-CH-10004540,Global Chrome Stack Chair
TEC-AC-10003027,Imationï¿½8GB Mini TravelDrive USB 2.0ï¿½Flash Drive
OFF-AP-10003099,"Eureka Hand Vacuum, Bagless"
TEC-PH-10000439,GE DSL Phone Line Filter
TEC-MA-10003674,Hewlett-Packard Deskjet 5550 Printer
TEC-PH-10000562,Samsung Convoy 3
TEC-MA-10000597,Lexmark S315 Color Inkjet Printer
TEC-PH-10001750,Samsung Rugby III
TEC-PH-10003555,Motorola HK250 Universal Bluetooth Headset
OFF-ST-10000777,"Companion Letter/Legal File, Black"
FUR-FU-10003095,"Linden 12"" Wall Clock With Oak Frame"
OFF-AP-10002578,"Fellowes Premier Superior Surge Suppressor, 10-Outlet, With Phone and Remote"
FUR-FU-10000293,Eldon Antistatic Chair Mats for Low to Medium Pile Carpets
FUR-FU-10002116,"Tenex Carpeted, Granite-Look or Clear Contemporary Contour Shape Chair Mats"
TEC-AC-10001114,Microsoft Wireless Mobile Mouse 4000
FUR-FU-10001986,"Dana Fluorescent Magnifying Lamp, White, 36"""
OFF-BI-10002026,Ibico Recycled Linen-Style Covers
OFF-PA-10004353,Southworth 25% Cotton Premium Laser Paper and Envelopes
TEC-AC-10004568,Maxellï¿½LTO Ultrium - 800 GB
TEC-PH-10002085,Clarity 53712
TEC-PH-10004896,Nokia Lumia 521 (T-Mobile)
TEC-MA-10003337,Okidata B401 Printer
FUR-BO-10004409,"Safco Value Mate Series Steel Bookcases, Baked Enamel Finish on Steel, Gray"
FUR-CH-10001482,Office Star - Mesh Screen back chair with Vinyl seat
FUR-CH-10002780,Office Star - Task Chair with Contemporary Loop Arms
OFF-BI-10002026,Avery Arch Ring Binders
FUR-BO-10003441,"Bush Westfield Collection Bookcases, Fully Assembled"
FUR-FU-10001602,"Eldon Delta Triangular Chair Mat, 52"" x 58"", Clear"
FUR-CH-10001797,"Safco Chair Connectors, 6/Carton"
FUR-BO-10003660,"Bush Cubix Collection Bookcases, Fully Assembled"
OFF-EN-10003055,"Blue String-Tie & Button Interoffice Envelopes, 10 x 13"
OFF-AP-10002495,"Acco Smartsocket Table Surge Protector, 6 Color-Coded Adapter Outlets"
OFF-PA-10000176,Xerox 1887
OFF-PA-10001815,Xerox 1885
OFF-ST-10000036,"Recycled Data-Pak for Archival Bound Computer Printouts, 12-1/2 x 12-1/2 x 16"
OFF-BI-10002082,GBC Twin Loop Wire Binding Elements
TEC-PH-10004531,AT&T CL2909
FUR-FU-10001861,"Floodlight Indoor Halogen Bulbs, 1 Bulb per Pack, 60 Watts"
OFF-BI-10004492,Tuf-Vin Binders
FUR-CH-10003833,Novimex Fabric Task Chair
FUR-BO-10004360,Rush Hierlooms Collection Rich Wood Bookcases
FUR-FU-10004973,Flat Face Poster Frame
OFF-ST-10001172,"Tennsco Lockers, Sand"
OFF-AP-10001469,Fellowes 8 Outlet Superior Workstation Surge Protector
OFF-ST-10000877,Recycled Steel Personal File for Standard File Folders
FUR-CH-10004875,Harbour Creations 67200 Series Stacking Chairs
FUR-FU-10004460,"Howard Miller 12"" Round Wall Clock"
OFF-ST-10004180,Safco Commercial Shelving
OFF-PA-10000357,Xerox 1888
FUR-FU-10001095,DAX Black Cherry Wood-Tone Poster Frame
OFF-BI-10001543,GBC VeloBinder Manual Binding System
OFF-PA-10000483,Xerox 19
OFF-PA-10002254,Xerox 1883
TEC-PH-10000675,Panasonic KX TS3282B Corded phone
OFF-PA-10000675,Xerox 1919
OFF-PA-10004092,Tops Green Bar Computer Printout Paper
TEC-AC-10004114,KeyTronicï¿½6101 Series -ï¿½Keyboardï¿½- Black
OFF-BI-10000632,Satellite Sectional Post Binders
FUR-CH-10002372,Office Star - Ergonomically Designed Knee Chair
FUR-FU-10003268,Eldon Radial Chair Mat for Low to Medium Pile Carpets
OFF-PA-10001977,Xerox 194
OFF-EN-10003296,Tyvek Side-Opening Peel & Seel Expanding Envelopes
OFF-AP-10004708,Fellowes Superior 10 Outlet Split Surge Protector
OFF-ST-10000675,"File Shuttle II and Handi-File, Black"
OFF-ST-10003994,"Belkin 19"" Center-Weighted Shelf, Gray"
TEC-MA-10002790,NeatDesk Desktop Scanner & Digital Filing System
OFF-PA-10002923,Xerox 1942
OFF-EN-10002500,Globe Weis Peel & Seel First Class Envelopes
OFF-AP-10004540,"Eureka The Boss Lite 10-Amp Upright Vacuum, Blue"
TEC-AC-10001142,First Data FD10 PIN Pad
TEC-PH-10000038,Jawbone MINI JAMBOX Wireless Bluetooth Speaker
OFF-PA-10001790,Xerox 1910
TEC-AC-10001772,Memorex Mini Travel Drive 16 GB USB 2.0 Flash Drive
TEC-PH-10001615,AT&T CL82213
FUR-FU-10004017,"Tenex Contemporary Contur Chairmats for Low and Medium Pile Carpet, Computer, 39"" x 49"""
TEC-AC-10000109,Sony Micro Vault Click 16 GB USB 2.0 Flash Drive
TEC-AC-10003289,Anker Ultra-Slim Mini Bluetooth 3.0 Wireless Keyboard
TEC-AC-10003447,Micropad Numeric Keypads
TEC-MA-10000029,"Epson WorkForce WF-2530 All-in-One Printer, Copier Scanner"
TEC-PH-10004830,Pyle PRT45 Retro Homeï¿½Telephone
FUR-CH-10003535,"Global Armless Task Chair, Royal Blue"
FUR-CH-10002774,"Global Deluxe Stacking Chair, Gray"
FUR-TA-10001866,Bevis Round Conference Room Tables and Bases
TEC-PH-10001305,Panasonic KX TS208W Corded phone
OFF-ST-10004963,Eldon Gobal File Keepers
FUR-FU-10000723,"Deflect-o EconoMat Studded, No Bevel Mat for Low Pile Carpeting"
OFF-PA-10004665,Advantus Motivational Note Cards
OFF-AP-10001563,Belkin Premiere Surge Master II 8-outlet surge protector
TEC-MA-10001856,Okidata C610n Printer
TEC-AC-10001606,Logitech Wireless Performance Mouse MX for PC and Mac
OFF-PA-10001954,Xerox 1964
TEC-AC-10000927,Anker Ultrathin Bluetooth Wireless Keyboard Aluminum Cover with Stand 
OFF-PA-10004071,"Eaton Premium Continuous-Feed Paper, 25% Cotton, Letter Size, White, 1000 Shts/Box"
OFF-PA-10001033,Xerox 1893
TEC-AC-10004469,Microsoft Sculpt Comfort Mouse
TEC-PH-10001061,Apple iPhone 5C
FUR-CH-10003396,Global Deluxe Steno Chair
TEC-MA-10004255,Konica Minolta magicolor 1690MF Multifunction Printer
OFF-PA-10001878,Xerox 1891
OFF-PA-10000482,"Snap-A-Way Black Print Carbonless Ruled Speed Letter, Triplicate"
OFF-PA-10003823,Xerox 197
FUR-TA-10003469,Balt Split Level Computer Training Table
TEC-AC-10000682,Kensington K72356US Mouse-in-a-Box USB Desktop Mouse
OFF-PA-10001357,Xerox 1886
OFF-ST-10004337,"SAFCO Commercial Wire Shelving, 72h"
OFF-BI-10003984,Lock-Up Easel 'Spel-Binder'
OFF-ST-10001837,"SAFCO Mobile Desk Side File, Wire Frame"
TEC-PH-10002564,OtterBox Defender Series Case - Samsung Galaxy S4
FUR-CH-10000553,"Metal Folding Chairs, Beige, 4/Carton"
OFF-ST-10002554,Tennsco Industrial Shelving
OFF-BI-10004224,Catalog Binders with Expanding Posts
FUR-CH-10002439,"Iceberg Nesting Folding Chair, 19w x 6d x 43h"
OFF-AP-10001205,Belkin 5 Outlet SurgeMaster Power Centers
FUR-BO-10000330,"Sauder Camden County Barrister Bookcase, Planked Cherry Finish"
OFF-BI-10004330,"GBC Velobind Prepunched Cover Sets, Regency Series"
OFF-AP-10001271,Eureka The Boss Cordless Rechargeable Stick Vac
TEC-AC-10001714,Logitechï¿½MX Performance Wireless Mouse
OFF-BI-10001071,GBC ProClick Punch Binding System
FUR-CH-10002044,"Office Star - Contemporary Task Swivel chair with 2-way adjustable arms, Plum"
FUR-BO-10002202,"Atlantic Metals Mobile 2-Shelf Bookcases, Custom Colors"
FUR-BO-10003450,"Bush Westfield Collection Bookcases, Dark Cherry Finish"
OFF-AP-10002191,Belkin 8 Outlet SurgeMaster II Gold Surge Protector
FUR-FU-10001085,3M Polarizing Light Filter Sleeves
TEC-PH-10001433,Cisco Small Business SPA 502G VoIP phone
OFF-BI-10000778,GBC VeloBinder Electric Binding Machine
OFF-ST-10000943,Eldon ProFile File 'N Store Portable File Tub Letter/Legal Size Black
TEC-PH-10001448,Anker Astro 15000mAh USB Portable Charger
TEC-MA-10001031,Socket Bluetooth Cordless Hand Scanner (CHS)
TEC-AC-10003399,Memorex Mini Travel Drive 64 GB USB 2.0 Flash Drive
OFF-PA-10004039,Xerox 1882
FUR-TA-10001691,"Barricks Non-Folding Utility Table with Steel Legs, Laminate Tops"
FUR-BO-10002824,Bush Mission Pointe Library
OFF-AP-10001154,Bionaire Personal Warm Mist Humidifier/Vaporizer
TEC-PH-10004912,Cisco SPA112 2 Port Phone Adapter
TEC-PH-10003885,Cisco SPA508G
OFF-AP-10003287,Tripp Lite TLP810NET Broadband Surge for Modem/Fax
TEC-PH-10002447,AT&T CL83451 4-Handset Telephone
OFF-PA-10003465,Xerox 1912
OFF-PA-10002558,Xerox 1938
OFF-LA-10001074,Round Specialty Laser Printer Labels
OFF-ST-10003058,Eldon Mobile Mega Data Cart  Mega Stackable  Add-On Trays
TEC-PH-10002807,Motorla HX550 Universal Bluetooth Headset
TEC-PH-10002170,ClearSounds CSC500 Amplified Spirit Phone Corded phone
OFF-BI-10002735,GBC Prestige Therm-A-Bind Covers
TEC-PH-10002726,netTALK DUO VoIP Telephone Service
OFF-AR-10001897,Model L Table or Wall-Mount Pencil Sharpener
TEC-AC-10002600,Belkin QODE FastFit Bluetooth Keyboard
TEC-MA-10003246,Hewlett-Packard Deskjet D4360 Printer
FUR-FU-10001215,"Howard Miller 11-1/2"" Diameter Brentwood Wall Clock"
OFF-PA-10003625,Xerox 1979
TEC-MA-10004626,Lexmark 20R1285 X6650 Wireless All-in-One Printer
OFF-ST-10003479,"Eldon Base for stackable storage shelf, platinum"
FUR-FU-10002379,Eldon Econocleat Chair Mats for Low Pile Carpets
OFF-PA-10000659,"TOPS Carbonless Receipt Book, Four 2-3/4 x 7-1/4 Money Receipts per Page"
TEC-PH-10002890,AT&T 17929 Lendline Telephone
TEC-MA-10000904,"Brother MFC-9340CDW LED All-In-One Printer, Copier Scanner"
TEC-MA-10001570,Cisco Desktop Collaboration Experience DX650 IP Video Phone
OFF-ST-10002406,Pizazz Global Quick File
OFF-PA-10003641,Xerox 1909
FUR-CH-10002317,Global Enterprise Series Seating Low-Back Swivel/Tilt Chairs
OFF-PA-10004475,Xerox 1940
TEC-MA-10002930,Ricoh - Ink Collector Unit for GX3000 Series Printers
OFF-AP-10001962,Black & Decker Filter for Double Action Dustbuster Cordless Vac BLDV7210
FUR-TA-10001857,Balt Solid Wood Rectangular Table
TEC-AC-10000057,Microsoft Natural Ergonomic Keyboard 4000
OFF-EN-10002504,"Tyvek  Top-Opening Peel & Seel Envelopes, Plain White"
OFF-PA-10002581,Xerox 1951
OFF-ST-10000760,Eldon Fold 'N Roll Cart System
OFF-AR-10004260,Boston 1799 Powerhouse Electric Pencil Sharpener
OFF-BI-10003007,"Premium Transparent Presentation Covers, No Pattern/Clear, 8 1/2"" x 11"""
OFF-PA-10000241,"IBM Multi-Purpose Copy Paper, 8 1/2 x 11"", Case"
FUR-CH-10004754,"Global Stack Chair with Arms, Black"
TEC-AC-10002473,Maxell 4.7GB DVD-R
TEC-PH-10001700,Panasonic KX-TG6844B Expandable Digital Cordless Telephone
OFF-BI-10001670,Vinyl Sectional Post Binders
OFF-PA-10001125,Xerox 1988
TEC-PH-10001527,Plantronics MX500i Earset
TEC-PH-10004522,Dexim XPower Skin Super-Thin Power Case for iPhone 5 - Black
TEC-AC-10004803,Sony Micro Vault Click 4 GB USB 2.0 Flash Drive
OFF-BI-10004001,GBC Recycled VeloBinder Covers
OFF-AR-10001955,Newell 319
TEC-AC-10003116,Memorex Froggy Flash Drive 8 GB
FUR-CH-10001802,Hon Every-Day Chair Series Swivel Task Chairs
TEC-AC-10004855,V7 USB Numeric Keypad
OFF-BI-10002854,"Performers Binder/Pad Holder, Black"
OFF-ST-10002370,"Sortfiler Multipurpose Personal File Organizer, Black"
TEC-AC-10000358,Imationï¿½Secureï¿½Driveï¿½+ Hardware Encrypted USBï¿½flash driveï¿½- 16 GB
OFF-AR-10002987,Prismacolor Color Pencil Set
OFF-AP-10002670,Belkin 8-Outlet Premiere SurgeMaster II Surge Protectors
FUR-FU-10003623,"DataProducts Ampli Magnifier Task Lamp, Black,"
OFF-AP-10000576,Belkin 7 Outlet SurgeMaster II
OFF-PA-10003134,Xerox 1937
OFF-LA-10003923,Alphabetical Labels for Top Tab Filing
OFF-ST-10002276,Safco Steel Mobile File Cart
TEC-MA-10002412,Cisco TelePresence System EX90 Videoconferencing Unit
OFF-PA-10000167,Xerox 1925
FUR-FU-10004622,Eldon Advantage Foldable Chair Mats for Low Pile Carpets
OFF-AR-10004042,"BOSTON Model 1800 Electric Pencil Sharpeners, Putty/Woodgrain"
OFF-EN-10003862,Laser & Ink Jet Business Envelopes
OFF-BI-10002931,"Avery Trapezoid Extra Heavy Duty 4"" Binders"
OFF-ST-10004950,"Tenex Personal Filing Tote With Secure Closure Lid, Black/Frost"
OFF-BI-10000014,Heavy-Duty E-Z-D Binders
TEC-PH-10003092,Motorola L804
OFF-ST-10002485,Rogers Deluxe File Chest
TEC-PH-10002350,Apple EarPods with Remote and Mic
OFF-PA-10004243,Xerox 1939
TEC-PH-10000586,AT&T SB67148 SynJ
OFF-BI-10000666,Surelock Post Binders
OFF-AP-10001947,Acco 6 Outlet Guardian Premium Plus Surge Suppressor
TEC-PH-10004080,Avaya 5410 Digital phone
TEC-PH-10004959,Classic Ivory Antiqueï¿½Telephoneï¿½ZL1810
TEC-PH-10001924,iHome FM Clock Radio with Lightning Dock
OFF-BI-10002498,Clear Mylar Reinforcing Strips
FUR-BO-10002598,"Hon Metal Bookcases, Putty"
FUR-FU-10003535,Howard Miller Distant Time Traveler Alarm Clock
TEC-AC-10004510,Logitech Desktop MK120 Mouse and keyboard Combo
OFF-EN-10003286,Staples
TEC-PH-10003931,JBL Micro Wireless Portable Bluetooth Speaker
OFF-PA-10003127,Staples
FUR-BO-10002853,O'Sullivan 5-Shelf Heavy-Duty Bookcases
OFF-PA-10001019,Xerox 1884
TEC-AC-10001284,Enermax Briskie RF Wireless Keyboard and Mouse Combo
OFF-BI-10004230,GBC Recycled Grain Textured Covers
FUR-FU-10004587,"GE General Use Halogen Bulbs, 100 Watts, 1 Bulb per Pack"
OFF-PA-10001509,"Recycled Desk Saver Line ""While You Were Out"" Book, 5 1/2"" X 4"""
FUR-FU-10003347,Coloredge Poster Frame
OFF-BI-10001721,Trimflex Flexible Post Binders
OFF-ST-10003442,Eldon Portable Mobile Manager
OFF-SU-10000898,"Acme Hot Forged Carbon Steel Scissors with Nickel-Plated Handles, 3 7/8"" Cut, 8""L"
FUR-FU-10004093,Hand-Finished Solid Wood Document Frame
TEC-AC-10003023,Logitech G105 Gaming Keyboard
OFF-ST-10000676,Fellowes Econo/Stor Drawers
OFF-ST-10001321,"Decoflex Hanging Personal Folder File, Blue"
OFF-AR-10004602,Boston KS Multi-Size Manual Pencil Sharpener
TEC-AC-10002942,WD My Passport Ultra 1TB Portable External Hard Drive
OFF-EN-10000483,"White Envelopes, White Envelopes with Clear Poly Window"
FUR-TA-10000849,Bevis Rectangular Conference Tables
OFF-AR-10004022,Panasonic KP-380BK Classic Electric Pencil Sharpener
TEC-AC-10001109,Logitech Trackman Marble Mouse
TEC-PH-10002817,RCA ViSYS 25425RE1 Corded phone
OFF-ST-10000934,"Contico 72""H Heavy-Duty Storage System"
TEC-PH-10003215,Jackery Bar Premium Fast-charging Portable Charger
TEC-AC-10002335,Logitech Media Keyboard K200
OFF-AP-10002892,Belkin F5C206VTEL 6 Outlet Surge
FUR-FU-10001185,"Advantus Employee of the Month Certificate Frame, 11 x 13-1/2"
TEC-PH-10001198,Avaya 4621SW VoIP phone
OFF-ST-10001476,Steel Personal Filing/Posting Tote
OFF-ST-10003123,Fellowes Bases and Tops For Staxonsteel/High-Stak Systems
FUR-BO-10002268,Sauder Barrister Bookcases
FUR-FU-10004090,"Executive Impressions 14"" Contract Wall Clock"
OFF-LA-10002762,Avery 485
TEC-AC-10000991,Sony Micro Vault Click 8 GB USB 2.0 Flash Drive
OFF-AP-10001492,"Acco Six-Outlet Power Strip, 4' Cord Length"
OFF-BI-10000315,Poly Designer Cover & Back
FUR-FU-10003039,"Howard Miller 11-1/2"" Diameter Grantwood Wall Clock"
FUR-FU-10004006,"Deflect-o DuraMat Lighweight, Studded, Beveled Mat for Low Pile Carpeting"
FUR-BO-10001918,"Sauder Forest Hills Library with Doors, Woodland Oak Finish"
OFF-BI-10001989,Premium Transparent Presentation Covers by GBC
FUR-FU-10001473,DAX Wood Document Frame
TEC-AC-10003063,Micro Innovations USB RF Wireless Keyboard with Mouse
OFF-AR-10004010,Hunt Boston Vacuum Mount KS Pencil Sharpener
OFF-PA-10000474,Staples
OFF-BI-10001597,"Wilson Jones Ledger-Size, Piano-Hinge Binder, 2"", Blue"
OFF-BI-10001765,Wilson Jones Heavy-Duty Casebound Ring Binders with Metal Hinges
OFF-AR-10002067,Newell 334
OFF-BI-10001510,Deluxe Heavy-Duty Vinyl Round Ring Binder
TEC-PH-10004100,Griffin GC17055 Auxiliary Audio Cable
TEC-AC-10003280,Belkin F8E887 USB Wired Ergonomic Keyboard
FUR-FU-10000758,DAX Natural Wood-Tone Poster Frame
FUR-BO-10003894,"Safco Value Mate Steel Bookcase, Baked Enamel Finish on Steel, Black"
FUR-FU-10000629,9-3/4 Diameter Round Wall Clock
TEC-PH-10004531,OtterBox Commuter Series Case - iPhone 5 & 5s
OFF-PA-10001950,Southworth 25% Cotton Antique Laid Paper & Envelopes
TEC-PH-10003800,i.Sound Portable Power - 8000 mAh
FUR-BO-10001619,O'Sullivan Cherrywood Estates Traditional Bookcase
OFF-ST-10000615,"SimpliFile Personal File, Black Granite, 15w x 6-15/16d x 11-1/4h"
TEC-PH-10002645,LG G2
OFF-ST-10003692,Recycled Steel Personal File for Hanging File Folders
FUR-FU-10003577,Nu-Dell Leatherette Frames
TEC-AC-10002323,SanDisk Ultra 32 GB MicroSDHC Class 10 Memory Card
OFF-ST-10001558,Acco Perma 4000 Stacking Storage Drawers
TEC-PH-10000011,PureGear Roll-On Screen Protector
TEC-MA-10003589,Cisco 8961 IP Phone Charcoal
TEC-PH-10004006,Panasonic KX - TS880B Telephone
OFF-BI-10001575,GBC Linen Binding Covers
TEC-AC-10000397,"Perixx PERIBOARD-512B, Ergonomic Split Keyboard"
FUR-FU-10002253,"Howard Miller 13"" Diameter Pewter Finish Round Wall Clock"
FUR-FU-10003976,"DAX Executive Solid Wood Document Frame, Desktop or Hang, Mahogany, 5 x 7"
OFF-AR-10001044,"BOSTON Ranger #55 Pencil Sharpener, Black"
OFF-EN-10001434,"Strathmore #10 Envelopes, Ultimate White"
OFF-PA-10001994,"Ink Jet Note and Greeting Cards, 8-1/2"" x 5-1/2"" Card Size"
OFF-EN-10001453,"Tyvek Interoffice Envelopes, 9 1/2"" x 12 1/2"", 100/Box"
OFF-ST-10000563,Fellowes Bankers Box Stor/Drawer Steel Plus
FUR-BO-10000468,O'Sullivan 2-Shelf Heavy-Duty Bookcases
TEC-PH-10004071,PayAnywhere Card Reader
TEC-AC-10000710,Maxell DVD-RAM Discs
TEC-AC-10002217,Imationï¿½Clip USBï¿½flash driveï¿½- 8 GB
TEC-MA-10001016,Canon PC170 Desktop Personal Copier
FUR-FU-10000076,24-Hour Round Wall Clock
TEC-AC-10004864,Memorex Micro Travel Drive 32 GB
FUR-FU-10003553,"Howard Miller 13-1/2"" Diameter Rosebrook Wall Clock"
TEC-PH-10001552,I Need's 3d Hello Kitty Hybrid Silicone Case Cover for HTC One X 4g with 3d Hello Kitty Stylus Pen Green/pink
FUR-FU-10001756,"Eldon Expressions Desk Accessory, Wood Photo Frame, Mahogany"
TEC-PH-10002070,Griffin GC36547 PowerJolt SE Lightning Charger
OFF-PA-10003656,Xerox 1935
OFF-PA-10003790,Xerox 1991
OFF-LA-10003498,Avery 475
OFF-EN-10003134,Staples
OFF-PA-10003651,Xerox 1968
OFF-AP-10002082,Holmes HEPA Air Purifier
OFF-PA-10000249,Staples
FUR-FU-10002703,"Tenex Traditional Chairmats for Hard Floors, Average Lip, 36"" x 48"""
OFF-PA-10000565,Staples
OFF-AP-10004532,Kensington 6 Outlet Guardian Standard Surge Protector
FUR-FU-10002157,Artistic Insta-Plaque
FUR-FU-10000521,"Seth Thomas 14"" Putty-Colored Wall Clock"
FUR-FU-10000193,Tenex Chairmats For Use with Hard Floors
OFF-AP-10000055,Belkin F9S820V06 8 Outlet Surge
FUR-FU-10003798,"Ultra Door Kickplate, 8""H x 34""W"
FUR-FU-10004018,Tensor Computer Mounted Lamp
OFF-AR-10000658,Newell 324
OFF-ST-10000636,Rogers Profile Extra Capacity Storage Tub
TEC-AC-10000158,Sony 64GB Class 10 Micro SDHC R40 Memory Card
OFF-AR-10001958,Stanley Bostitch Contemporary Electric Pencil Sharpeners
TEC-PH-10000149,Cisco SPA525G2 IP Phone - Wireless
TEC-AC-10002399,SanDisk Cruzer 32 GB USB Flash Drive
TEC-MA-10004521,Epson Perfection V600 Photo Scanner
OFF-BI-10001524,GBC Premium Transparent Covers with Diagonal Lined Pattern
OFF-AP-10002998,Holmes 99% HEPA Air Purifier
OFF-PA-10000300,Xerox 1936
OFF-BI-10003982,Wilson Jones Century Plastic Molded Ring Binders
OFF-ST-10001580,Super Decoflex Portable Personal File
OFF-AR-10002240,Panasonic KP-150 Electric Pencil Sharpener
OFF-ST-10002182,"Iris 3-Drawer Stacking Bin, Black"
OFF-BI-10003460,Acco 3-Hole Punch
OFF-BI-10001196,"Avery Flip-Chart Easel Binder, Black"
OFF-PA-10000157,Xerox 191
TEC-AC-10002331,"Maxell 74 Minute CDR, 10/Pack"
OFF-AR-10001446,Newell 309
OFF-ST-10003996,"Letter/Legal File Tote with Clear Snap-On Lid, Black Granite"
OFF-PA-10003129,Tops White Computer Printout Paper
OFF-AP-10003040,Fellowes 8 Outlet Superior Workstation Surge Protector w/o Phone/Fax/Modem Protection
OFF-LA-10001158,"Avery Address/Shipping Labels for Typewriters, 4"" x 2"""
OFF-PA-10003797,Xerox 209
OFF-ST-10001228,"Fellowes Personal Hanging Folder Files, Navy"
OFF-AR-10002956,Boston 16801 Nautilus Battery Pencil Sharpener
OFF-ST-10002289,"Safco Wire Cube Shelving System, For Use as 4 or 5 14"" Cubes, Black"
OFF-AP-10004785,"Holmes Replacement Filter for HEPA Air Cleaner, Medium Room"
TEC-AC-10001266,Memorex Micro Travel Drive 8 GB
FUR-FU-10003975,Eldon Advantage Chair Mats for Low to Medium Pile Carpets
OFF-PA-10001736,Xerox 1880
TEC-PH-10002293,Anker 36W 4-Port USB Wall Charger Travel Power Adapter for iPhone 5s 5c 5
OFF-ST-10001590,"Tenex Personal Project File with Scoop Front Design, Black"
FUR-FU-10004952,"C-Line Cubicle Keepers Polyproplyene Holder w/Velcro Back, 8-1/2x11, 25/Bx"
OFF-AR-10003582,"Boston Electric Pencil Sharpener, Model 1818, Charcoal Black"
OFF-SU-10002573,"Acme 10"" Easy Grip Assistive Scissors"
OFF-AR-10002656,Sanford Liquid Accent Highlighters
OFF-PA-10000312,Xerox 1955
TEC-PH-10001949,Cisco SPA 501G IP Phone
OFF-BI-10001191,Canvas Sectional Post Binders
TEC-AC-10001553,"Memorex 25GB 6X Branded Blu-Ray Recordable Disc, 15/Pack"
OFF-SU-10004261,"Fiskars 8"" Scissors, 2/Pack"
OFF-ST-10000885,Fellowes Desktop Hanging File Manager
OFF-PA-10002319,Xerox 1944
TEC-AC-10002006,Memorex Micro Travel Drive 16 GB
OFF-EN-10000927,Jet-Pak Recycled Peel 'N' Seal Padded Mailers
TEC-PH-10001870,Lunatik TT5L-002 Taktik Strike Impact Protection System for iPhone 5
OFF-BI-10000474,Avery Recycled Flexi-View Covers for Binding Systems
FUR-CH-10001146,"Global Task Chair, Black"
OFF-ST-10003324,Belkin OmniView SE Rackmount Kit
OFF-AP-10003842,Euro-Pro Shark Turbo Vacuum
OFF-EN-10001532,Brown Kraft Recycled Envelopes
OFF-PA-10002986,Xerox 1898
TEC-AC-10002550,"Memorex 25GB 6X Branded Blu-Ray Recordable Disc, 30/Pack"
OFF-AR-10004648,Boston 19500 Mighty Mite Electric Pencil Sharpener
TEC-AC-10001013,Logitech ClearChat Comfort/USB Headset H390
FUR-FU-10003424,Nu-Dell Oak Frame
OFF-AP-10002350,Belkin F9H710-06 7 Outlet SurgeMaster Surge Protector
FUR-FU-10001475,"Contract Clock, 14"", Brown"
OFF-PA-10001363,Xerox 1933
OFF-LA-10004544,Avery 505
OFF-PA-10004530,Personal Creations Ink Jet Cards and Labels
TEC-AC-10002718,Belkin Standard 104 key USB Keyboard
TEC-PH-10004348,OtterBox Defender Series Case - iPhone 5c
OFF-SU-10001218,Fiskars Softgrip Scissors
FUR-FU-10002759,12-1/2 Diameter Round Wall Clock
OFF-AP-10002472,3M Office Air Cleaner
TEC-PH-10004188,OtterBox Commuter Series Case - Samsung Galaxy S4
TEC-AC-10001383,Logitech Wireless Touch Keyboard K400
FUR-BO-10002206,"Bush Saratoga Collection 5-Shelf Bookcase, Hanover Cherry, *Special Order"
OFF-BI-10003707,Aluminum Screw Posts
FUR-FU-10001473,"Eldon Executive Woodline II Desk Accessories, Mahogany"
OFF-BI-10002133,"Wilson Jones Elliptical Ring 3 1/2"" Capacity Binders, 800 sheets"
OFF-PA-10000061,Xerox 205
TEC-AC-10001101,Sony 16GB Class 10 Micro SDHC R40 Memory Card
FUR-FU-10000175,DAX Wood Document Frame.
TEC-PH-10000127,iOttie XL Car Mount
OFF-AR-10001915,Peel-Off China Markers
OFF-AP-10004136,Kensington 6 Outlet SmartSocket Surge Protector
OFF-ST-10002583,Fellowes Neat Ideas Storage Cubes
OFF-PA-10001712,Xerox 1948
TEC-PH-10003095,Samsung HM1900 Bluetooth Headset
OFF-ST-10003638,Mobile Personal File Cube
OFF-EN-10004483,"#10 White Business Envelopes,4 1/8 x 9 1/2"
OFF-ST-10004950,Acco Perma 3000 Stacking Storage Drawers
OFF-BI-10003364,Binding Machine Supplies
OFF-BI-10000069,"GBC Prepunched Paper, 19-Hole, for Binding Systems, 24-lb"
TEC-AC-10004001,Logitech Wireless Headset H600 Over-The-Head Design
OFF-PA-10002893,"Wirebound Service Call Books, 5 1/2"" x 4"""
OFF-BI-10003876,"Green Canvas Binder for 8-1/2"" x 14"" Sheets"
FUR-FU-10002878,"Seth Thomas 14"" Day/Date Wall Clock"
OFF-AR-10004344,Bulldog Vacuum Base Pencil Sharpener
OFF-BI-10003684,Wilson Jones Legal Size Ring Binders
OFF-BI-10003910,DXL Angle-View Binders with Locking Rings by Samsill
OFF-BI-10004139,Fellowes Presentation Covers for Comb Binding Machines
OFF-AR-10004078,Newell 312
OFF-ST-10002352,Iris Project Case
OFF-ST-10000649,Hanging Personal Folder File
TEC-AC-10002305,KeyTronicï¿½E03601U1 -ï¿½Keyboardï¿½- Beige
OFF-ST-10002214,X-Rack File for Hanging Folders
OFF-EN-10001335,"White Business Envelopes with Contemporary Seam, Recycled White Business Envelopes"
OFF-BI-10004236,"XtraLife ClearVue Slant-D Ring Binder, White, 3"""
TEC-PH-10002538,Grandstream GXP1160 VoIP phone
OFF-PA-10002137,"Southworth 100% Rï¿½sumï¿½ Paper, 24lb."
OFF-BI-10002353,GBC VeloBind Cover Sets
OFF-AR-10001419,Newell 325
OFF-AP-10004233,Honeywell Enviracaire Portable Air Cleaner for up to 8 x 10 Room
FUR-FU-10004270,"Executive Impressions 13"" Clairmont Wall Clock"
OFF-PA-10004101,Xerox 1894
OFF-AP-10000696,Holmes Odor Grabber
OFF-PA-10000740,Xerox 1982
OFF-BI-10001072,"GBC Clear Cover, 8-1/2 x 11, unpunched, 25 covers per pack"
FUR-FU-10002501,Nu-Dell Executive Frame
TEC-AC-10001267,Imationï¿½32GB Pocket Pro USB 3.0ï¿½Flash Driveï¿½- 32 GB - Black - 1 P ...
TEC-PH-10001644,"BlueLounge Milo Smartphone Stand, White/Metallic"
TEC-PH-10004833,Macally Suction Cup Mount
OFF-PA-10002222,"Xerox Color Copier Paper, 11"" x 17"", Ream"
TEC-AC-10003657,Lenovo 17-Key USB Numeric Keypad
FUR-FU-10000222,"Seth Thomas 16"" Steel Case Clock"
OFF-BI-10002225,"Square Ring Data Binders, Rigid 75 Pt. Covers, 11"" x 14-7/8"""
TEC-PH-10002075,AT&T EL51110 DECT
FUR-FU-10000087,"Executive Impressions 14"" Two-Color Numerals Wall Clock"
TEC-AC-10001956,Microsoft Arc Touch Mouse
FUR-FU-10001967,Telescoping Adjustable Floor Lamp
OFF-SU-10004231,Acme Tagit Stainless Steel Antibacterial Scissors
OFF-ST-10001328,"Personal Filing Tote with Lid, Black/Gray"
OFF-LA-10004545,Avery 50
OFF-BI-10001294,Fellowes Binding Cases
FUR-FU-10002813,"DAX Contemporary Wood Frame with Silver Metal Mat, Desktop, 11 x 14 Size"
OFF-LA-10002034,Avery 478
TEC-PH-10003589,invisibleSHIELD by ZAGG Smudge-Free Screen Protector
OFF-AR-10002952,Stanley Contemporary Battery Pencil Sharpeners
FUR-FU-10001876,"Computer Room Manger, 14"""
TEC-PH-10004897,Mediabridge Sport Armband iPhone 5s
TEC-PH-10000193,Jensen SMPS-640 -ï¿½speaker phone
OFF-PA-10001569,Xerox 232
OFF-BI-10003638,GBC Durable Plastic Covers
TEC-AC-10003441,Kingston Digital DataTraveler 32GB USB 2.0
OFF-PA-10003022,Standard Line ï¿½While You Were Outï¿½ Hardbound Telephone Message Book
FUR-BO-10003433,Sauder Cornerstone Collection Library
TEC-MA-10003493,Penpower WorldCard Pro Card Scanner
OFF-SU-10000381,Acme Forged Steel Scissors with Black Enamel Handles
OFF-AR-10003478,"Avery Hi-Liter EverBold Pen Style Fluorescent Highlighters, 4/Pack"
OFF-AR-10000538,"Boston Model 1800 Electric Pencil Sharpener, Gray"
TEC-PH-10002923,"Logitech B530 USBï¿½Headsetï¿½-ï¿½headsetï¿½- Full size, Binaural"
TEC-AC-10003590,"TRENDnet 56K USB 2.0 Phone, Internet and Fax Modem"
OFF-PA-10002421,Embossed Ink Jet Note Cards
OFF-PA-10004911,"Rediform S.O.S. 1-Up Phone Message Bk, 4-1/4x3-1/16 Bk, 1 Form/Pg, 40 Messages/Bk, 3/Pk"
OFF-AR-10001615,Newell 34
OFF-BI-10003963,Cardinal Holdit Data Disk Pockets
TEC-PH-10000213,Seidio BD2-HK3IPH5-BK DILEX Case and Holster Combo for Apple iPhone 5/5s - Black
OFF-EN-10000781,"#10- 4 1/8"" x 9 1/2"" Recycled Envelopes"
TEC-AC-10004992,Kingston Digital DataTraveler 64GB USB 2.0
OFF-BI-10002429,"Premier Elliptical Ring Binder, Black"
OFF-AP-10000358,Fellowes Basic Home/Office Series Surge Protectors
OFF-ST-10000798,2300 Heavy-Duty Transfer File Systems by Perma
FUR-FU-10002554,"Westinghouse Floor Lamp with Metal Mesh Shade, Black"
OFF-ST-10004946,Desktop 3-Pocket Hot File
TEC-AC-10004814,Logitech Illuminated Ultrathin Keyboard with Backlighting
OFF-BI-10001107,"GBC White Gloss Covers, Plain Front"
FUR-FU-10003849,"DAX Metal Frame, Desktop, Stepped-Edge"
TEC-PH-10000702,"Square Credit Card Reader, 4 1/2"" x 4 1/2"" x 1"", White"
TEC-AC-10002345,HP Standard 104 key PS/2 Keyboard
OFF-AR-10001725,Boston Home & Office Model 2000 Electric Pencil Sharpeners
FUR-FU-10000771,"Eldon 200 Class Desk Accessories, Smoke"
FUR-FU-10000732,Eldon 200 Class Desk Accessories
OFF-PA-10002870,"Ampad Phone Message Book, Recycled, 400 Message Capacity, 5 ï¿½ï¿½ x 11ï¿½"
OFF-PA-10002499,Xerox 1890
OFF-AR-10003696,Panasonic KP-350BK Electric Pencil Sharpener with Auto Stop
TEC-AC-10004859,"Maxell Pro 80 Minute CD-R, 10/Pack"
OFF-AP-10004980,3M Replacement Filter for Office Air Cleaner for 20' x 33' Room
TEC-PH-10001300,"iKross Bluetooth Portable Keyboard + Cell Phone Stand Holder + Brush for Apple iPhone 5S 5C 5, 4S 4"
OFF-AR-10002818,Panasonic KP-310 Heavy-Duty Electric Pencil Sharpener
OFF-BI-10001460,Plastic Binding Combs
OFF-EN-10003040,Quality Park Security Envelopes
OFF-ST-10001325,Sterilite Officeware Hinged File Box
OFF-ST-10003572,Portfile Personal File Boxes
FUR-FU-10000023,Eldon Wave Desk Accessories
OFF-LA-10000414,Avery 503
OFF-AP-10000692,Fellowes Mighty 8 Compact Surge Protector
OFF-ST-10002301,Tennsco Commercial Shelving
OFF-PA-10004100,Xerox 216
FUR-FU-10001057,Tensor Track Tree Floor Lamp
OFF-LA-10001474,Avery 477
OFF-BI-10004828,GBC Poly Designer Binding Covers
OFF-AR-10000588,Newell 345
FUR-FU-10001591,Advantus Panel Wall Certificate Holder - 8.5x11
FUR-FU-10001934,Magnifier Swing Arm Lamp
FUR-FU-10002553,"Electrix Incandescent Magnifying Lamp, Black"
OFF-SU-10002537,Acme Box Cutter Scissors
OFF-PA-10004156,Xerox 188
OFF-BI-10001036,Cardinal EasyOpen D-Ring Binders
OFF-PA-10003673,Strathmore Photo Mount Cards
OFF-AP-10003278,Belkin 7-Outlet SurgeMaster Home Series
TEC-AC-10004633,"Verbatim 25 GB 6x Blu-ray Single Layer Recordable Disc, 3/Pack"
OFF-BI-10003694,"Avery 3 1/2"" Diskette Storage Pages, 10/Pack"
OFF-PA-10004381,14-7/8 x 11 Blue Bar Computer Printout Paper
OFF-PA-10002160,Xerox 1978
TEC-PH-10004774,Gear Head AU3700S Headset
OFF-BI-10004826,JM Magazine Binder
OFF-ST-10001034,Eldon File Chest Portable File
OFF-PA-10001892,"Rediform Wirebound ""Phone Memo"" Message Book, 11 x 5-3/4"
OFF-AP-10001303,"Holmes Cool Mist Humidifier for the Whole House with 8-Gallon Output per Day, Extended Life Filter"
FUR-FU-10003799,"Seth Thomas 13 1/2"" Wall Clock"
FUR-FU-10000010,"DAX Value U-Channel Document Frames, Easel Back"
TEC-MA-10000423,Texas Instruments TI-34 Scientific Calculator
OFF-PA-10001461,HP Office Paper (20Lb. and 87 Bright)
OFF-AP-10003860,Fellowes Advanced 8 Outlet Surge Suppressor with Phone/Fax Protection
OFF-ST-10000344,"Neat Ideas Personal Hanging Folder Files, Black"
OFF-PA-10002764,Staples
TEC-PH-10003535,RCA ViSYS 25423RE1 Corded phone
OFF-LA-10002945,"Permanent Self-Adhesive File Folder Labels for Typewriters, 1 1/8 x 3 1/2, White"
FUR-FU-10003247,36X48 HARDFLOOR CHAIRMAT
OFF-SU-10004661,Acme Titanium Bonded Scissors
TEC-AC-10003499,Memorex Mini Travel Drive 8 GB USB 2.0 Flash Drive
OFF-BI-10002824,Recycled Easel Ring Binders
OFF-PA-10002968,Xerox 1973
TEC-AC-10000303,Logitech M510 Wireless Mouse
OFF-BI-10000962,"Acco Flexible ACCOHIDE Square Ring Data Binder, Dark Blue, 11 1/2"" X 14"" 7/8"""
OFF-PA-10003441,Xerox 226
OFF-BI-10000285,XtraLife ClearVue Slant-D Ring Binders by Cardinal
OFF-AP-10003281,Acco 6 Outlet Guardian Standard Surge Suppressor
FUR-FU-10001487,"Eldon Expressions Wood and Plastic Desk Accessories, Cherry Wood"
OFF-BI-10001628,"Acco Data Flex Cable Posts For Top & Bottom Load Binders, 6"" Capacity"
OFF-ST-10001031,Adjustable Personal File Tote
FUR-FU-10004963,"Eldon 400 Class Desk Accessories, Black Carbon"
OFF-PA-10001295,Computer Printout Paper with Letter-Trim Perforations
TEC-AC-10004518,Memorex Mini Travel Drive 32 GB USB 2.0 Flash Drive
OFF-BI-10002852,Ibico Standard Transparent Covers
TEC-MA-10002694,Hewlett-Packard Deskjet F4180 All-in-One Color Ink-jet - Printer / copier / scanner
OFF-PA-10000575,"Wirebound Message Books, Four 2 3/4 x 5 White Forms per Page"
OFF-AR-10000475,"Hunt BOSTON Vista Battery-Operated Pencil Sharpener, Black"
OFF-BI-10000756,Storex DuraTech Recycled Plastic Frosted Binders
FUR-FU-10000672,"Executive Impressions 10"" Spectator Wall Clock"
OFF-SU-10004884,Acme Galleria Hot Forged Steel Scissors with Colored Handles
OFF-AP-10004859,Acco 6 Outlet Guardian Premium Surge Suppressor
OFF-AR-10003752,Deluxe Chalkboard Eraser Cleaner
OFF-BI-10001922,Storex Dura Pro Binders
OFF-AR-10001468,"Sanford Prismacolor Professional Thick Lead Art Pencils, 36-Color Set"
OFF-PA-10001725,Xerox 1892
OFF-AR-10004587,"Boston 1827 Commercial Additional Cutter, Drive Gear & Gear Rack for 1606"
FUR-FU-10003878,"Linden 10"" Round Wall Clock, Black"
OFF-PA-10000595,Xerox 1929
OFF-ST-10004634,"Personal Folder Holder, Ebony"
OFF-AR-10003514,4009 Highlighters by Sanford
OFF-PA-10001457,White GlueTop Scratch Pads
OFF-FA-10001883,"Alliance Super-Size Bands, Assorted Sizes"
FUR-FU-10002508,Document Clip Frames
OFF-BI-10000309,"GBC Twin Loop Wire Binding Elements, 9/16"" Spine, Black"
FUR-FU-10004960,"Seth Thomas 12"" Clock w/ Goldtone Case"
OFF-BI-10003719,Large Capacity Hanging Post Binders
FUR-FU-10000755,Eldon Expressions Mahogany Wood Desk Collection
TEC-AC-10004396,Logitech Keyboard K120
OFF-PA-10002787,Xerox 227
TEC-PH-10003988,"LF Elite 3D Dazzle Designer Hard Case Cover, Lf Stylus Pen and Wiper For Apple Iphone 5c Mini Lite"
OFF-PA-10001471,Strathmore Photo Frame Cards
OFF-AP-10002765,Fellowes Advanced Computer Series Surge Protectors
TEC-AC-10003614,"Verbatim 25 GB 6x Blu-ray Single Layer Recordable Disc, 10/Pack"
OFF-ST-10000464,"Multi-Use Personal File Cart and Caster Set, Three Stacking Bins"
TEC-MA-10003329,"Vtech AT&T CL2940 Corded Speakerphone, Black"
TEC-AC-10000171,"Verbatim 25 GB 6x Blu-ray Single Layer Recordable Disc, 25/Pack"
OFF-PA-10003591,Southworth 100% Cotton The Best Paper
OFF-ST-10000352,Acco Perma 2700 Stacking Storage Drawers
OFF-AR-10003727,Berol Giant Pencil Sharpener
OFF-AP-10000027,Hoover Commercial SteamVac
OFF-AR-10004062,Staples
OFF-BI-10001658,GBC Standard Therm-A-Bind Covers
OFF-PA-10003256,Avery Personal Creations Heavyweight Cards
FUR-FU-10002456,"Master Caster Door Stop, Large Neon Orange"
OFF-ST-10003722,Project Tote Personal File
OFF-AP-10001366,Staples
OFF-BI-10004233,"GBC Pre-Punched Binding Paper, Plastic, White, 8-1/2"" x 11"""
OFF-AR-10004456,Panasonic KP-4ABK Battery-Operated Pencil Sharpener
OFF-AP-10000390,Euro Pro Shark Stick Mini Vacuum
OFF-AR-10004511,"Sanford Colorific Scented Colored Pencils, 12/Pack"
OFF-PA-10002689,Weyerhaeuser First Choice Laser/Copy Paper (20Lb. and 88 Bright)
OFF-ST-10000419,"Rogers Jumbo File, Granite"
OFF-EN-10001099,Staples
OFF-LA-10001297,Avery 473
FUR-TA-10001676,Hon 61000 Series Interactive Training Tables
OFF-AP-10004249,Staples
OFF-PA-10001745,"Wirebound Message Books, 2 7/8"" x 5"", 3 Forms per Page"
TEC-AC-10000926,NETGEAR RangeMax WNR1000 Wireless Router
OFF-SU-10004498,Martin-Yale Premier Letter Opener
OFF-LA-10001982,Smead Alpha-Z Color-Coded Name Labels First Letter Starter Set
FUR-FU-10000794,"Eldon Stackable Tray, Side-Load, Legal, Smoke"
FUR-FU-10003724,Westinghouse Clip-On Gooseneck Lamps
OFF-EN-10002986,"#10-4 1/8"" x 9 1/2"" Premium Diagonal Seam Envelopes"
OFF-BI-10001308,GBC Standard Plastic Binding Systems' Combs
OFF-PA-10002713,"Adams Phone Message Book, 200 Message Capacity, 8 1/16ï¿½ x 11ï¿½"
OFF-ST-10003327,Akro-Mils 12-Gallon Tote
OFF-BI-10004308,Avery Legal 4-Ring Binder
OFF-BI-10004738,Flexible Leather- Look Classic Collection Ring Binder
OFF-AR-10004691,Boston 1730 StandUp Electric Pencil Sharpener
FUR-FU-10002445,"DAX Two-Tone Rosewood/Black Document Frame, Desktop, 5 x 7"
OFF-EN-10000461,"#10- 4 1/8"" x 9 1/2"" Recycled Envelopes"
OFF-AP-10004052,"Hoover Replacement Belts For Soft Guard & Commercial Ltweight Upright Vacs, 2/Pk"
TEC-AC-10001998,Logitechï¿½LS21 Speaker System - PC Multimedia - 2.1-CH - Wired
TEC-MA-10003066,Wasp CCD Handheld Bar Code Reader
FUR-FU-10001889,Ultra Door Pull Handle
FUR-FU-10003832,"Eldon Expressions Punched Metal & Wood Desk Accessories, Black & Cherry"
OFF-BI-10001617,GBC Wire Binding Combs
OFF-AR-10000255,Newell 328
OFF-AR-10003179,Dixon Ticonderoga Core-Lock Colored Pencils
OFF-PA-10000380,"REDIFORM Incoming/Outgoing Call Register, 11"" X 8 1/2"", 100 Messages"
FUR-FU-10002506,"Tensor ""Hersey Kiss"" Styled Floor Lamp"
OFF-BI-10001078,"Acco PRESSTEX Data Binder with Storage Hooks, Dark Blue, 14 7/8"" X 11"""
OFF-ST-10004507,Advantus Rolling Storage Box
OFF-BI-10004781,GBC Wire Binding Strips
OFF-BI-10004965,Ibico Covers for Plastic or Wire Binding Elements
OFF-PA-10001952,Xerox 1902
TEC-PH-10001536,Spigen Samsung Galaxy S5 Case Wallet
OFF-PA-10004438,Xerox 1907
OFF-PA-10004621,Xerox 212
OFF-BI-10002982,Avery Self-Adhesive Photo Pockets for Polaroid Photos
OFF-ST-10001291,"Tenex Personal Self-Stacking Standard File Box, Black/Gray"
TEC-AC-10003038,Kingston Digital DataTraveler 16GB USB 2.0
TEC-PH-10000148,Cyber Acoustics AC-202b Speech Recognition Stereo Headset
OFF-PA-10000143,Astroparche Fine Business Paper
OFF-BI-10000404,Avery Printable Repositionable Plastic Tabs
TEC-AC-10001590,Dell Slim USB Multimedia Keyboard
TEC-PH-10003875,KLD Oscar II Style Snap-on Ultra Thin Side Flip Synthetic Leather Cover Case for HTC One HTC M7
OFF-LA-10000134,Avery 511
TEC-AC-10002550,Maxell 4.7GB DVD-RW 3/Pack
FUR-FU-10004017,"Executive Impressions 13"" Chairman Wall Clock"
OFF-AR-10001860,BIC Liqua Brite Liner
OFF-ST-10003455,"Tenex File Box, Personal Filing Tote with Lid, Black"
OFF-ST-10002486,Eldon Shelf Savers Cubes and Bins
OFF-PA-10002245,Xerox 1895
OFF-EN-10001028,Staples
OFF-AP-10003971,Belkin 6 Outlet Metallic Surge Strip
OFF-BI-10002103,"Cardinal Slant-D Ring Binder, Heavy Gauge Vinyl"
FUR-FU-10001037,"DAX Charcoal/Nickel-Tone Document Frame, 5 x 7"
OFF-PA-10001972,Xerox 214
OFF-PA-10002751,Xerox 1920
OFF-SU-10004737,Acme Design Stainless Steel Bent Scissors
FUR-FU-10002671,Electrix 20W Halogen Replacement Bulb for Zoom-In Desk Lamp
FUR-FU-10004909,Contemporary Wood/Metal Frame
FUR-FU-10000719,"DAX Cubicle Frames, 8-1/2 x 11"
OFF-AR-10003338,"Eberhard Faber 3 1/2"" Golf Pencils"
OFF-ST-10001228,Personal File Boxes with Fold-Down Carry Handle
OFF-AR-10000914,Boston 16765 Mini Stand Up Battery Pencil Sharpener
OFF-PA-10000477,Xerox 1952
OFF-PA-10004996,"Speediset Carbonless Redi-Letter 7"" x 8 1/2"""
TEC-AC-10004227,SanDisk Ultra 16 GB MicroSDHC Class 10 Memory Card
OFF-PA-10000743,Xerox 1977
OFF-BI-10000050,"Angle-D Binders with Locking Rings, Label Holders"
OFF-EN-10003160,Pastel Pink Envelopes
OFF-PA-10000520,Xerox 201
OFF-BI-10000088,GBC Imprintable Covers
OFF-PA-10000295,Xerox 229
OFF-BI-10002412,Wilson Jones ï¿½Snapï¿½ Scratch Pad Binder Tool for Ring Binders
TEC-PH-10002365,Belkin Grip Candy Sheer Case / Cover for iPhone 5 and 5S
FUR-FU-10000320,OIC Stacking Trays
OFF-FA-10004854,"Vinyl Coated Wire Paper Clips in Organizer Box, 800/Box"
FUR-FU-10002045,"Executive Impressions 14"""
OFF-PA-10001526,Xerox 1949
OFF-SU-10000946,Staples
OFF-BI-10004632,GBC Binding covers
OFF-AR-10003056,Newell 341
FUR-FU-10003489,Contemporary Borderless Frame
OFF-AR-10000203,Newell 336
OFF-PA-10001184,Xerox 1903
OFF-PA-10001970,Xerox 1881
OFF-BI-10001636,Ibico Plastic and Wire Spiral Binding Combs
OFF-BI-10002706,Avery Premier Heavy-Duty Binder with Round Locking Rings
OFF-BI-10003708,"Acco Four Pocket Poly Ring Binder with Label Holder, Smoke, 1"""
OFF-PA-10000213,Xerox 198
OFF-EN-10004386,"Recycled Interoffice Envelopes with String and Button Closure, 10 x 13"
OFF-PA-10002666,Southworth 25% Cotton Linen-Finish Paper & Envelopes
OFF-BI-10004364,Storex Dura Pro Binders
FUR-FU-10002268,Ultra Door Push Plate
OFF-EN-10003448,"Peel & Seel Recycled Catalog Envelopes, Brown"
OFF-PA-10001934,Xerox 1993
OFF-AP-10002222,Staples
OFF-PA-10004569,"Wirebound Message Books, Two 4 1/4"" x 5"" Forms per Page"
FUR-FU-10001617,"Executive Impressions 8-1/2"" Career Panel/Partition Cubicle Clock"
OFF-LA-10002312,Avery 490
OFF-AR-10001221,"Dixon Ticonderoga Erasable Colored Pencil Set, 12-Color"
OFF-AR-10002445,SANFORD Major Accent Highlighters
OFF-BI-10002437,Recycled Premium Regency Composition Covers
TEC-PH-10002844,Speck Products Candyshell Flip Case
FUR-FU-10000448,Tenex Chairmats For Use With Carpeted Floors
OFF-EN-10002312,#10 Self-Seal White Envelopes
OFF-AP-10000124,Acco 6 Outlet Guardian Basic Surge Suppressor
OFF-BI-10001153,Ibico Recycled Grain-Textured Covers
OFF-ST-10000642,"Tennsco Lockers, Gray"
OFF-PA-10001685,Staples
OFF-PA-10000327,Xerox 1971
OFF-PA-10004734,Southworth Structures Collection
OFF-BI-10003727,Avery Durable Slant Ring Binders With Label Holder
FUR-FU-10001867,"Eldon Expressions Punched Metal & Wood Desk Accessories, Pewter & Cherry"
OFF-LA-10000305,Avery 495
TEC-PH-10000923,"Belkin SportFit Armband For iPhone 5s/5c, Fuchsia"
FUR-FU-10004864,Eldon 500 Class Desk Accessories
OFF-BI-10003291,Wilson Jones Leather-Like Binders with DublLock Round Rings
OFF-PA-10003001,Xerox 1986
OFF-BI-10003676,"GBC Standard Recycled Report Covers, Clear Plastic Sheets"
OFF-PA-10002259,"Geographics Note Cards, Blank, White, 8 1/2"" x 11"""
OFF-PA-10003724,"Wirebound Message Book, 4 per Page"
TEC-AC-10004708,Sony 32GB Class 10 Micro SDHC R40 Memory Card
OFF-PA-10001776,"Wirebound Message Books, Four 2 3/4"" x 5"" Forms per Page, 600 Sets per Book"
FUR-FU-10003919,Eldon Executive Woodline II Cherry Finish Desk Accessories
OFF-BI-10002215,"Wilson Jones Hanging View Binder, White, 1"""
FUR-BO-10001567,"Bush Westfield Collection Bookcases, Dark Cherry Finish, Fully Assembled"
OFF-EN-10001539,Staples
OFF-AP-10004036,Bionaire 99.97% HEPA Air Cleaner
OFF-BI-10000948,"GBC Laser Imprintable Binding System Covers, Desert Sand"
OFF-BI-10004040,Wilson Jones Impact Binders
TEC-MA-10003173,Hewlett-Packard 300S Scientific Calculator
FUR-FU-10004671,"Executive Impressions 12"" Wall Clock"
OFF-PA-10002749,"Wirebound Message Books, 5-1/2 x 4 Forms, 2 or 4 Forms per Page"
OFF-AR-10003087,Staples
OFF-PA-10001667,Great White Multi-Use Recycled Paper (20Lb. and 84 Bright)
OFF-SU-10004782,"Elite 5"" Scissors"
TEC-PH-10003187,Anker Astro Mini 3000mAh Ultra-Compact Portable Charger
OFF-PA-10001838,"Adams Telephone Message Book W/Dividers/Space For Phone Numbers, 5 1/4""X8 1/2"", 300/Messages"
OFF-PA-10000682,Xerox 1924
OFF-LA-10000240,Self-Adhesive Address Labels for Typewriters by Universal
FUR-FU-10000397,Luxo Economy Swing Arm Lamp
OFF-PA-10000791,"Wirebound Message Books, Four 2 3/4 x 5 Forms per Page, 200 Sets per Book"
OFF-PA-10001763,Xerox 1896
FUR-FU-10004712,"Westinghouse Mesh Shade Clip-On Gooseneck Lamp, Black"
OFF-BI-10003429,"Cardinal HOLDit! Binder Insert Strips,Extra Strips"
OFF-BI-10000829,Avery Non-Stick Binders
FUR-FU-10003691,"Eldon Image Series Desk Accessories, Ebony"
OFF-FA-10000585,OIC Bulk Pack Metal Binder Clips
TEC-PH-10000376,Square Credit Card Reader
OFF-PA-10004255,Xerox 219
OFF-ST-10002444,Recycled Eldon Regeneration Jumbo File
OFF-AR-10000034,"BIC Brite Liner Grip Highlighters, Assorted, 5/Pack"
OFF-BI-10000320,GBC Plastic Binding Combs
FUR-FU-10003829,Stackable Trays
FUR-FU-10003142,"Master Big Foot Doorstop, Beige"
OFF-SU-10000952,Fiskars Home & Office Scissors
OFF-BI-10002571,"Avery Framed View Binder, EZD Ring (Locking), Navy, 1 1/2"""
OFF-PA-10000130,Xerox 199
TEC-PH-10000004,Belkin iPhone and iPad Lightning Cable
FUR-FU-10002685,"Executive Impressions 13-1/2"" Indoor/Outdoor Wall Clock"
OFF-AR-10000799,Col-Erase Pencils with Erasers
OFF-PA-10000726,"Black Print Carbonless Snap-Off Rapid Letter, 8 1/2"" x 7"""
OFF-AR-10000411,Boston 16701 Slimline Battery Pencil Sharpener
FUR-FU-10003731,"Eldon Expressions Wood and Plastic Desk Accessories, Oak"
OFF-SU-10003567,Stiletto Hand Letter Openers
FUR-FU-10000260,"6"" Cubicle Wall Clock, Black"
OFF-AR-10003631,Staples
OFF-PA-10003936,Xerox 1994
OFF-AP-10004868,Hoover Commercial Soft Guard Upright Vacuum And Disposable Filtration Bags
OFF-FA-10002280,Advantus Plastic Paper Clips
OFF-BI-10004728,Wilson Jones Turn Tabs Binder Tool for Ring Binders
OFF-LA-10001175,Avery 514
OFF-AP-10003884,"Fellowes Smart Surge Ten-Outlet Protector, Platinum"
OFF-PA-10004041,"It's Hot Message Books with Stickers, 2 3/4"" x 5"""
OFF-PA-10000304,Xerox 1995
OFF-BI-10000174,"Wilson Jones Clip & Carry Folder Binder Tool for Ring Binders, Clear"
FUR-FU-10002088,Nu-Dell Float Frame 11 x 14 1/2
OFF-BI-10004099,GBC VeloBinder Strips
OFF-AP-10003266,"Holmes Replacement Filter for HEPA Air Cleaner, Large Room"
FUR-FU-10004020,Advantus Panel Wall Acrylic Frame
OFF-LA-10004425,Staples
OFF-ST-10000876,Eldon Simplefile Box Office
OFF-PA-10000659,"Adams Phone Message Book, Professional, 400 Message Capacity, 5 3/6ï¿½ x 11ï¿½"
OFF-PA-10002005,Xerox 225
OFF-ST-10001414,Decoflex Hanging Personal Folder File
FUR-FU-10003096,"Master Giant Foot Doorstop, Safety Yellow"
OFF-EN-10003567,"Inter-Office Recycled Envelopes, Brown Kraft, Button-String,10"" x 13"" , 100/Box"
OFF-PA-10001166,Xerox 2
FUR-FU-10000246,Aluminum Document Frame
OFF-FA-10000621,"OIC Colored Binder Clips, Assorted Sizes"
FUR-FU-10004597,Eldon Cleatmat Chair Mats for Medium Pile Carpets
OFF-SU-10001165,Acme Elite Stainless Steel Scissors
OFF-AR-10000634,Newell 320
OFF-BI-10004209,"Fellowes Twister Kit, Gray/Clear, 3/pkg"
OFF-PA-10004040,Universal Premium White Copier/Laser Paper (20Lb. and 87 Bright)
OFF-PA-10004888,Xerox 217
OFF-PA-10004609,Xerox 221
OFF-FA-10002763,Advantus Map Pennant Flags and Round Head Tacks
OFF-LA-10003077,Avery 500
FUR-FU-10000073,Deflect-O Glasstique Clear Desk Accessories
OFF-ST-10004258,Portable Personal File Box
OFF-PA-10003072,"Eureka Recycled Copy Paper 8 1/2"" x 11"", Ream"
OFF-PA-10001800,Xerox 220
OFF-EN-10002621,Staples
OFF-PA-10001937,Xerox 21
FUR-FU-10004666,DAX Clear Channel Poster Frame
FUR-FU-10002597,"C-Line Magnetic Cubicle Keepers, Clear Polypropylene"
OFF-PA-10004285,Xerox 1959
OFF-SU-10001225,Staples
OFF-PA-10000210,Xerox Blank Computer Paper
OFF-PA-10002036,Xerox 1930
OFF-FA-10000624,OIC Binder Clips
OFF-PA-10003893,Xerox 1962
TEC-PH-10000169,ARKON Windshield Dashboard Air Vent Car Mount Holder
OFF-PA-10001534,Xerox 230
FUR-CH-10002017,SAFCO Optional Arm Kit for Workspace Cribbage Stacking Chair
OFF-PA-10000552,Xerox 200
OFF-BI-10004002,Wilson Jones International Size A4 Ring Binders
OFF-FA-10003112,Staples
OFF-EN-10004007,Park Ridge Embossed Executive Business Envelopes
OFF-EN-10002592,"Peel & Seel Recycled Catalog Envelopes, Brown"
OFF-ST-10000136,Letter Size File
FUR-FU-10002030,"Executive Impressions 14"" Contract Wall Clock with Quartz Movement"
OFF-PA-10002606,Xerox 1928
TEC-AC-10003237,Memorex Micro Travel Drive 4 GB
OFF-AR-10003156,50 Colored Long Pencils
OFF-FA-10003495,Staples
OFF-PA-10000019,Xerox 1931
OFF-PA-10001215,Xerox 1963
OFF-BI-10002557,Presstex Flexible Ring Binders
OFF-PA-10002246,"Wirebound Four 2-3/4 x 5 Forms per Page, 400 Sets per Book"
FUR-FU-10000221,"Master Caster Door Stop, Brown"
OFF-BI-10003981,"Avery Durable Plastic 1"" Binders"
OFF-BI-10001267,"Universal Recycled Hanging Pressboard Report Binders, Letter Size"
TEC-AC-10004877,Imationï¿½30456 USBï¿½Flash Driveï¿½8GB
OFF-PA-10002479,Xerox 4200 Series MultiUse Premium Copy Paper (20Lb. and 84 Bright)
OFF-LA-10002475,Avery 519
FUR-FU-10000820,Tensor Brushed Steel Torchiere Floor Lamp
OFF-PA-10004082,"Adams Telephone Message Book w/Frequently-Called Numbers Space, 400 Messages per Book"
OFF-EN-10001990,Staples
FUR-FU-10004091,"Eldon 200 Class Desk Accessories, Black"
OFF-FA-10004968,Rubber Band Ball
FUR-FU-10003464,"Seth Thomas 8 1/2"" Cubicle Clock"
OFF-PA-10002230,Xerox 1897
OFF-AR-10004685,"Binney & Smith Crayola Metallic Colored Pencils, 8-Color Set"
OFF-PA-10001639,Xerox 203
OFF-BI-10000822,"Acco PRESSTEX Data Binder with Storage Hooks, Light Blue, 9 1/2"" X 11"""
OFF-PA-10002709,Xerox 1956
OFF-PA-10003172,Xerox 1996
FUR-FU-10001918,C-Line Cubicle Keepers Polyproplyene Holder With Velcro Backings
OFF-PA-10003848,Xerox 1997
TEC-PH-10002185,QVS USB Car Charger 2-Port 2.1Amp for iPod/iPhone/iPad/iPad 2/iPad 3
OFF-AR-10002399,"Dixon Prang Watercolor Pencils, 10-Color Set with Brush"
OFF-BI-10002072,Cardinal Slant-D Ring Binders
OFF-LA-10003148,Avery 51
OFF-PA-10000528,Xerox 1981
OFF-PA-10001804,Xerox 195
OFF-AR-10003504,Newell 347
OFF-BI-10001249,Avery Heavy-Duty EZD View Binder with Locking Rings
OFF-AR-10001427,Newell 330
OFF-LA-10002381,Avery 497
OFF-PA-10004519,Spiral Phone Message Books with Labels by Adams
FUR-FU-10002396,"DAX Copper Panel Document Frame, 5 x 7 Size"
OFF-BI-10002799,"SlimView Poly Binder, 3/8"""
FUR-FU-10004586,G.E. Longer-Life Indoor Recessed Floodlight Bulbs
FUR-FU-10004351,Staples
TEC-PH-10004700,PowerGen Dual USB Car Charger
TEC-PH-10003442,Samsung Replacement EH64AVFWE Premium Headset
OFF-AR-10004757,Crayola Colored Pencils
OFF-PA-10000349,Staples
FUR-FU-10001731,Acrylic Self-Standing Desk Frames
TEC-AC-10002134,Rosewill 107 Normal Keys USB Wired Standard Keyboard
FUR-FU-10001940,Staples
OFF-SU-10004664,Acme Softgrip Scissors
OFF-BI-10000279,"Acco Recycled 2"" Capacity Laser Printer Hanging Data Binders"
OFF-BI-10002976,ACCOHIDE Binder by Acco
OFF-BI-10001900,"DXL Angle-View Binders with Locking Rings, Black"
OFF-PA-10000501,Petty Cash Envelope
OFF-BI-10003476,Avery Metallic Poly Binders
OFF-BI-10002309,Avery Heavy-Duty EZD  Binder With Locking Rings
OFF-AR-10002467,Dixon Ticonderoga Pencils
OFF-BI-10000301,GBC Instant Report Kit
OFF-LA-10002271,Smead Alpha-Z Color-Coded Second Alphabetical Labels and Starter Set
OFF-BI-10004352,Wilson Jones DublLock D-Ring Binders
OFF-BI-10001634,Wilson Jones Active Use Binders
OFF-PA-10003016,"Adams ""While You Were Out"" Message Pads"
OFF-ST-10000918,Crate-A-Files
FUR-FU-10000409,"GE 4 Foot Flourescent Tube, 40 Watt"
OFF-BI-10000216,"Mead 1st Gear 2"" Zipper Binder, Asst. Colors"
OFF-BI-10001758,Wilson Jones 14 Line Acrylic Coated Pressboard Data Binders
OFF-ST-10001505,"Perma STOR-ALL Hanging File Box, 13 1/8""W x 12 1/4""D x 10 1/2""H"
OFF-LA-10004677,Self-Adhesive Address Labels for Typewriters with Dispenser Box
OFF-PA-10002377,"Adams Telephone Message Book W/Dividers/Space For Phone Numbers, 5 1/4""X8 1/2"", 200/Messages"
TEC-AC-10001635,KeyTronicï¿½KT400U2 -ï¿½Keyboardï¿½- Black
OFF-PA-10003883,"Message Book, Phone, Wirebound Standard Line Memo, 2 3/4"" X 5"""
TEC-AC-10001542,SanDisk Cruzer 16 GB USB Flash Drive
OFF-PA-10001307,"Important Message Pads, 50 4-1/4 x 5-1/2 Forms per Pad"
FUR-FU-10002874,Ultra Commercial Grade Dual Valve Door Closer
OFF-LA-10001934,Avery 516
OFF-LA-10001771,Avery 513
FUR-FU-10001706,Longer-Life Soft White Bulbs
OFF-BI-10004140,Avery Non-Stick Binders
OFF-BI-10003350,Acco Expandable Hanging Binders
FUR-FU-10002885,Magna Visual Magnetic Picture Hangers
OFF-AR-10000817,Manco Dry-Lighter Erasable Highlighter
OFF-PA-10000007,"Telephone Message Books with Fax/Mobile Section, 4 1/4"" x 6"""
OFF-AR-10003394,Newell 332
TEC-PH-10000307,Shocksock Galaxy S4 Armband
TEC-PH-10000912,Anker 24W Portable Micro USB Car Charger
OFF-PA-10002250,Things To Do Today Pad
OFF-PA-10002464,HP Office Recycled Paper (20Lb. and 87 Bright)
OFF-PA-10000919,Xerox 1918
OFF-AR-10001374,"BIC Brite Liner Highlighters, Chisel Tip"
OFF-LA-10000081,Avery 496
OFF-PA-10001593,Xerox 1947
OFF-AR-10003405,"Dixon My First Ticonderoga Pencil, #2"
OFF-PA-10003971,Xerox 1965
OFF-EN-10001219,"#10- 4 1/8"" x 9 1/2"" Security-Tint Envelopes"
OFF-BI-10001116,"Wilson Jones 1"" Hanging DublLock Ring Binders"
OFF-BI-10001031,Pressboard Data Binders by Wilson Jones
FUR-FU-10004245,"Career Cubicle Clock, 8 1/4"", Black"
OFF-ST-10002957,Sterilite Show Offs Storage Containers
TEC-AC-10000290,Sabrent 4-Port USB 2.0 Hub
OFF-PA-10002960,Xerox 1926
OFF-AR-10003876,"Avery Hi-Liter GlideStik Fluorescent Highlighter, Yellow Ink"
OFF-BI-10002897,"Black Avery Memo-Size 3-Ring Binder, 5 1/2"" x 8 1/2"""
OFF-PA-10000029,Xerox 224
OFF-SU-10002557,Fiskars Spring-Action Scissors
OFF-BI-10002827,Avery Durable Poly Binders
OFF-PA-10004735,Xerox 1905
OFF-SU-10002503,Acme Preferred Stainless Steel Scissors
OFF-LA-10001613,Avery File Folder Labels
OFF-AR-10001761,Avery Hi-Liter Smear-Safe Highlighters
OFF-AR-10001988,Bulldog Table or Wall-Mount Pencil Sharpener
TEC-AC-10002857,"Verbatim 25 GB 6x Blu-ray Single Layer Recordable Disc, 1/Pack"
OFF-BI-10004654,VariCap6 Expandable Binder
OFF-PA-10002195,"RSVP Cards & Envelopes, Blank White, 8-1/2"" X 11"", 24 Cards/25 Envelopes/Set"
OFF-EN-10003798,"Recycled Interoffice Envelopes with Re-Use-A-Seal Closure, 10 x 13"
OFF-EN-10004955,Fashion Color Clasp Envelopes
OFF-PA-10000466,"Memo Book, 100 Message Capacity, 5 3/8ï¿½ x 11ï¿½"
OFF-EN-10004459,Security-Tint Envelopes
TEC-AC-10000387,KeyTronicï¿½KT800P2 -ï¿½Keyboardï¿½- Black
FUR-FU-10004053,DAX Two-Tone Silver Metal Document Frame
OFF-PA-10001583,"1/4 Fold Party Design Invitations & White Envelopes, 24 8-1/2"" X 11"" Cards, 25 Env./Pack"
OFF-BI-10004410,"C-Line Peel & Stick Add-On Filing Pockets, 8-3/4 x 5-1/8, 10/Pack"
OFF-BI-10001098,Acco D-Ring Binder w/DublLock
OFF-AR-10000716,DIXON Ticonderoga Erasable Checking Pencils
OFF-LA-10003121,Avery 506
OFF-PA-10003845,Xerox 1987
OFF-BI-10000136,Avery Non-Stick Heavy Duty View Round Locking Ring Binders
OFF-FA-10002975,Staples
OFF-PA-10001801,Xerox 193
OFF-PA-10004983,Xerox 23
OFF-LA-10002043,Avery 489
OFF-PA-10000788,Xerox 210
OFF-BI-10000138,Acco Translucent Poly Ring Binders
OFF-AR-10003560,Zebra Zazzle Fluorescent Highlighters
OFF-LA-10000407,Avery White Multi-Purpose Labels
OFF-BI-10004141,Insertable Tab Indexes For Data Binders
OFF-PA-10000551,Array Memo Cubes
OFF-FA-10000053,Revere Boxed Rubber Bands by Revere
OFF-AR-10004999,Newell 315
OFF-PA-10001560,"Adams Telephone Message Books, 5 1/4ï¿½ x 11ï¿½"
FUR-FU-10002960,"Eldon 200 Class Desk Accessories, Burgundy"
OFF-PA-10001870,Xerox 202
OFF-BI-10004716,Wilson Jones Hanging Recycled Pressboard Data Binders
TEC-PH-10004924,"SKILCRAFT Telephone Shoulder Rest, 2"" x 6.5"" x 2.5"", Black"
OFF-LA-10003720,Avery 487
OFF-PA-10004965,Xerox 1921
OFF-AP-10000252,Harmony HEPA Quiet Air Purifiers
OFF-PA-10004355,Xerox 231
OFF-PA-10001947,Xerox 1974
OFF-AR-10001683,Lumber Crayons
OFF-PA-10001001,"Snap-A-Way Black Print Carbonless Speed Message, No Reply Area, Duplicate"
TEC-MA-10002981,I.R.I.S IRISCard Anywhere 5 Card Scanner
OFF-PA-10003270,Xerox 1954
OFF-BI-10004506,Wilson Jones data.warehouse D-Ring Binders with DublLock
OFF-AR-10003469,Nontoxic Chalk
OFF-PA-10000673,"Post-it ï¿½Important Messageï¿½ Note Pad, Neon Colors, 50 Sheets/Pad"
OFF-BI-10003274,"Avery Durable Slant Ring Binders, No Labels"
OFF-LA-10003537,Avery 515
OFF-PA-10003309,Xerox 211
OFF-EN-10002600,"Redi-Strip #10 Envelopes, 4 1/8 x 9 1/2"
TEC-AC-10001090,Micro Innovations Wireless Classic Keyboard with Mouse
OFF-EN-10001141,"Manila Recycled Extra-Heavyweight Clasp Envelopes, 6"" x 9"""
OFF-EN-10004030,Convenience Packs of Business Envelopes
OFF-PA-10000350,"Message Book, Standard Line ""While You Were Out"", 5 1/2"" X 4"", 200 Sets/Book"
OFF-BI-10003305,Avery Hanging File Binders
OFF-AR-10001149,"Sanford Colorific Colored Pencils, 12/Box"
FUR-FU-10001196,DAX Cubicle Frames - 8x10
OFF-AP-10003622,"Bravo II Megaboss 12-Amp Hard Body Upright, Replacement Belts, 2 Belts per Pack"
OFF-SU-10001664,Acme Office Executive Series Stainless Steel Trimmers
OFF-PA-10001166,Xerox 1932
OFF-FA-10001843,Staples
OFF-PA-10003063,EcoTones Memo Sheets
OFF-PA-10003022,Xerox 1992
OFF-PA-10002741,Xerox 1980
OFF-PA-10000069,"TOPS 4 x 6 Fluorescent Color Memo Sheets, 500 Sheets per Pack"
OFF-PA-10000477,Xerox 22
OFF-BI-10001553,SpineVue Locking Slant-D Ring Binders by Cardinal
OFF-BI-10000591,Avery Binder Labels
OFF-AR-10000390,Newell Chalk Holder
OFF-PA-10001450,Rediform S.O.S. Phone Message Books
OFF-ST-10002562,Staples
OFF-PA-10002659,Avoid Verbal Orders Carbonless Minifold Book
OFF-AR-10001954,Newell 331
OFF-PA-10002947,Xerox 1923
OFF-PA-10000533,Southworth Parchment Paper & Envelopes
OFF-SU-10002189,Acme Rosewood Handle Letter Opener
OFF-PA-10003657,Xerox 1927
OFF-AR-10004441,BIC Brite Liner Highlighters
OFF-EN-10004846,Letter or Legal Size Expandable Poly String Tie Envelopes
OFF-LA-10001569,Avery 499
FUR-FU-10001424,Dax Clear Box Frame
OFF-ST-10001627,Eldon Jumbo ProFile Portable File Boxes Graphite/Black
OFF-PA-10004451,Xerox 222
OFF-PA-10001260,"TOPS Money Receipt Book, Consecutively Numbered in Red,"
OFF-BI-10000343,"Pressboard Covers with Storage Hooks, 9 1/2"" x 11"", Light Blue"
OFF-PA-10004782,Xerox 228
OFF-AR-10002053,"Premium Writing Pencils, Soft, #2 by Central Association for the Blind"
OFF-PA-10000697,"TOPS Voice Message Log Book, Flash Format"
OFF-PA-10004000,"While You Were Out Pads, 50 per Pad, 4 x 5 1/4, Green Cycle"
OFF-AR-10000657,"Binney & Smith inkTank Desk Highlighter, Chisel Tip, Yellow, 12/Box"
OFF-AR-10001473,Newell 313
OFF-BI-10004817,GBC Personal VeloBind Strips
OFF-PA-10001609,Tops Wirebound Message Log Books
OFF-PA-10001246,Xerox 215
OFF-AR-10001940,"Sanford Colorific Eraseable Coloring Pencils, 12 Count"
OFF-PA-10002365,Xerox 1967
OFF-AR-10002766,Prang Drawing Pencil Set
OFF-AR-10003829,Newell 35
OFF-EN-10001509,Poly String Tie Envelopes
OFF-PA-10000587,"Array Parchment Paper, Assorted Colors"
OFF-BI-10001097,Avery Hole Reinforcements
TEC-PH-10003356,"SmartStand Mobile Device Holder, Assorted Colors"
FUR-FU-10001935,3M Hangers With Command Adhesive
OFF-SU-10004115,Acme Stainless Steel Office Snips
OFF-BI-10000773,Insertable Tab Post Binder Dividers
OFF-PA-10004405,Rediform Voice Mail Log Books
OFF-LA-10001641,Avery 518
OFF-PA-10002262,Xerox 192
OFF-EN-10003068,#6 3/4 Gummed Flap White Envelopes
TEC-AC-10003133,Memorex Mini Travel Drive 4 GB USB 2.0 Flash Drive
OFF-LA-10000248,Avery 52
OFF-PA-10000223,Xerox 2000
OFF-PA-10004733,Things To Do Today Spiral Book
OFF-BI-10004528,Cardinal Poly Pocket Divider Pockets for Ring Binders
OFF-AR-10003217,Newell 316
OFF-FA-10001561,Stockwell Push Pins
OFF-AR-10001216,Newell 339
OFF-PA-10001293,Xerox 1946
OFF-FA-10003021,Staples
OFF-LA-10001045,Permanent Self-Adhesive File Folder Labels for Typewriters by Universal
OFF-EN-10003072,Peel & Seel Envelopes
FUR-FU-10002364,"Eldon Expressions Wood Desk Accessories, Oak"
FUR-FU-10003194,"Eldon Expressions Desk Accessory, Wood Pencil Holder, Oak"
OFF-AR-10002280,Staples
OFF-EN-10002973,Ampad #10 Peel & Seel Holiday Envelopes
OFF-BI-10004654,Avery Binding System Hidden Tab Executive Style Index Sets
FUR-TA-10003837,Anderson Hickey Conga Table Tops & Accessories
OFF-AP-10003914,"Sanitaire Vibra Groomer IR Commercial Upright Vacuum, Replacement Belts"
OFF-FA-10000735,Staples
FUR-FU-10001546,Dana Swing-Arm Lamps
OFF-LA-10004689,Avery 512
OFF-PA-10002615,"Ampad Gold Fibre Wirebound Steno Books, 6"" x 9"", Gregg Ruled"
OFF-BI-10004970,"ACCOHIDE 3-Ring Binder, Blue, 1"""
OFF-BI-10002071,Fellowes Black Plastic Comb Bindings
OFF-LA-10004345,Avery 493
OFF-AR-10000127,Newell 321
OFF-BI-10001890,Avery Poly Binder Pockets
OFF-SU-10001574,Acme Value Line Scissors
OFF-EN-10001749,Jiffy Padded Mailers with Self-Seal Closure
OFF-AR-10003759,"Crayola Anti Dust Chalk, 12/Pack"
OFF-LA-10003766,Self-Adhesive Removable Labels
OFF-EN-10004147,Wausau Papers Astrobrights Colored Envelopes
OFF-PA-10000174,"Message Book, Wirebound, Four 5 1/2"" X 4"" Forms/Pg., 200 Dupl. Sets/Book"
FUR-FU-10001379,"Executive Impressions 16-1/2"" Circular Wall Clock"
OFF-BI-10002949,Prestige Round Ring Binders
OFF-PA-10004470,"Adams Write n' Stick Phone Message Book, 11"" X 5 1/4"", 200 Messages"
FUR-FU-10004848,DAX Solid Wood Frames
FUR-FU-10002111,"Master Caster Door Stop, Large Brown"
OFF-LA-10000634,Avery 509
OFF-PA-10004610,Xerox 1900
OFF-AR-10001315,Newell 310
OFF-AP-10000804,Hoover Portapower Portable Vacuum
OFF-BI-10003712,"Acco Pressboard Covers with Storage Hooks, 14 7/8"" x 11"", Light Blue"
OFF-LA-10000121,Avery 48
OFF-LA-10004093,Avery 486
OFF-FA-10004248,Advantus T-Pin Paper Clips
FUR-FU-10002505,Eldon 100 Class Desk Accessories
OFF-PA-10003036,"Black Print Carbonless 8 1/2"" x 8 1/4"" Rapid Memo Book"
OFF-BI-10001679,GBC Instant Index System for Binding Systems
OFF-LA-10002787,Avery 480
OFF-PA-10001826,Xerox 207
OFF-LA-10000443,Avery 501
OFF-AR-10003158,Fluorescent Highlighters by Dixon
OFF-PA-10002586,Xerox 1970
OFF-FA-10001332,"Acco Banker's Clasps, 5 3/4""-Long"
OFF-BI-10001757,Pressboard Hanging Data Binders for Unburst Sheets
OFF-AR-10000246,Newell 318
OFF-FA-10000134,"Advantus Push Pins, Aluminum Head"
OFF-ST-10004835,Plastic Stacking Crates & Casters
OFF-AR-10004790,Staples
OFF-PA-10002105,Xerox 223
OFF-EN-10001415,Staples
OFF-LA-10004484,Avery 476
FUR-FU-10004164,"Eldon 300 Class Desk Accessories, Black"
OFF-AR-10001246,Newell 317
TEC-AC-10002018,AmazonBasics 3-Button USB Wired Mouse
OFF-BI-10001787,Wilson Jones Four-Pocket Poly Binders
OFF-PA-10000289,Xerox 213
OFF-BI-10002432,Wilson Jones Standard D-Ring Binders
OFF-BI-10003655,Durable Pressboard Binders
OFF-PA-10002195,Xerox 1966
OFF-AR-10001662,Rogers Handheld Barrel Pencil Sharpener
OFF-PA-10001243,Xerox 1983
OFF-AR-10003045,Prang Colored Pencils
TEC-AC-10004209,Memorex Froggy Flash Drive 4 GB
FUR-FU-10000550,Stacking Trays by OIC
OFF-BI-10002003,Ibico Presentation Index for Binding Systems
OFF-AR-10002257,"Eldon Spacemaker Box, Quick-Snap Lid, Clear"
FUR-FU-10001852,"Eldon Regeneration Recycled Desk Accessories, Smoke"
OFF-ST-10003221,Staples
OFF-BI-10003196,Accohide Poly Flexible Ring Binders
OFF-AR-10001118,"Binney & Smith Crayola Metallic Crayons, 16-Color Pack"
OFF-FA-10004395,Plymouth Boxed Rubber Bands by Plymouth
OFF-PA-10004971,Xerox 196
OFF-AR-10002704,Boston 1900 Electric Pencil Sharpener
OFF-AR-10000614,Barrel Sharpener
TEC-AC-10000199,Kingston Digital DataTraveler 8GB USB 2.0
OFF-BI-10001982,Wilson Jones Custom Binder Spines & Labels
FUR-FU-10001025,"Eldon Imï¿½ge Series Desk Accessories, Clear"
OFF-PA-10002552,Xerox 1958
OFF-AR-10003811,Newell 327
OFF-LA-10003190,Avery 474
OFF-FA-10000254,Sterling Rubber Bands by Alliance
OFF-LA-10001404,Avery 517
OFF-FA-10000304,Advantus Push Pins
OFF-AR-10002335,DIXON Oriole Pencils
OFF-LA-10002195,Avery 481
OFF-PA-10001846,Xerox 1899
OFF-AR-10001130,"Quartet Alpha White Chalk, 12/Pack"
OFF-PA-10003729,Xerox 1998
OFF-FA-10000840,OIC Thumb-Tacks
OFF-BI-10000546,Avery Durable Binders
OFF-PA-10003363,Xerox 204
OFF-BI-10003355,Cardinal Holdit Business Card Pockets
OFF-BI-10002414,GBC ProClick Spines for 32-Hole Punch
TEC-AC-10002558,Imationï¿½Swivelï¿½Flash Driveï¿½USBï¿½flash driveï¿½- 8 GB
OFF-PA-10002109,Wirebound Voice Message Log Book
OFF-AR-10003190,Newell 32
TEC-AC-10000521,"Verbatim Slim CD and DVD Storage Cases, 50/Pack"
OFF-BI-10004187,Staples
OFF-ST-10000321,Akro Stacking Bins
OFF-BI-10000201,"Avery Triangle Shaped Sheet Lifters, Black, 2/Pack"
OFF-SU-10004768,Acme Kleencut Forged Steel Scissors
FUR-FU-10004270,"Eldon Image Series Desk Accessories, Burgundy"
TEC-PH-10000347,Cush Cases Heavy Duty Rugged Cover Case for Samsung Galaxy S5 - Purple
OFF-BI-10002764,Recycled Pressboard Report Cover with Reinforced Top Hinge
OFF-PA-10003205,"Wirebound Message Forms, Four 2 3/4 x 5 Forms per Page, Pink Paper"
FUR-FU-10002191,G.E. Halogen Desk Lamp Bulbs
OFF-BI-10003166,GBC Plasticlear Binding Covers
OFF-AR-10004974,Newell 342
OFF-SU-10002301,Serrated Blade or Curved Handle Hand Letter Openers
OFF-SU-10004290,"Acme Design Line 8"" Stainless Steel Bent Scissors w/Champagne Handles, 3-1/8"" Cut"
OFF-PA-10000807,"TOPS ""Important Message"" Pads, Canary, 4-1/4 x 5-1/2, 50 Sheets per Pad"
OFF-AP-10002287,"Eureka Sanitaire  Multi-Pro Heavy-Duty Upright, Disposable Bags"
OFF-AR-10000940,Newell 343
TEC-MA-10000752,Texas Instrument TI-15 Fraction Calculator
OFF-FA-10000992,"Acco Clips to Go Binder Clips, 24 Clips in Two Sizes"
OFF-BI-10003669,3M Organizer Strips
OFF-PA-10004948,Xerox 190
OFF-PA-10003177,Xerox 1999
OFF-PA-10000232,Xerox 1975
FUR-FU-10002240,Nu-Dell EZ-Mount Plastic Wall Frames
FUR-FU-10004415,"Stacking Tray, Side-Loading, Legal, Smoke"
OFF-LA-10004853,Avery 483
OFF-PA-10004675,"Telephone Message Books with Fax/Mobile Section, 5 1/2"" x 3 3/16"""
OFF-AR-10002255,Newell 346
OFF-AR-10001547,Newell 311
OFF-AR-10003481,Newell 348
OFF-PA-10003349,Xerox 1957
OFF-PA-10000605,Xerox 1950
OFF-BI-10001525,"Acco Pressboard Covers with Storage Hooks, 14 7/8"" x 11"", Executive Red"
FUR-FU-10002963,"Master Caster Door Stop, Gray"
OFF-PA-10000809,Xerox 206
OFF-FA-10002780,Staples
OFF-AR-10002221,12 Colored Short Pencils
OFF-AR-10004752,Blackstonian Pencils
OFF-AR-10001545,Newell 326
OFF-LA-10003223,Avery 508
OFF-AR-10003772,Boston 16750 Black Compact Battery Pencil Sharpener
TEC-MA-10004086,Plantronics Single Ear Headset
OFF-LA-10000452,Avery 488
OFF-PA-10002333,"Universal Ultra Bright White Copier/Laser Paper, 8 1/2"" x 11"", Ream"
OFF-AR-10001227,Newell 338
OFF-BI-10001132,"Acco PRESSTEX Data Binder with Storage Hooks, Dark Blue, 9 1/2"" X 11"""
OFF-AR-10001026,"Sanford Uni-Blazer View Highlighters, Chisel Tip, Yellow"
TEC-PH-10004875,PNY Rapid USB Car Charger - Black
OFF-PA-10000246,Riverleaf Stik-Withit Designer Note Cubes
OFF-BI-10004182,Economy Binders
OFF-AR-10004165,"Binney & Smith inkTank Erasable Pocket Highlighter, Chisel Tip, Yellow"
TEC-AC-10001445,Imationï¿½USB 2.0 Swivelï¿½Flash Driveï¿½USBï¿½flash driveï¿½- 4 GB - Pink
OFF-PA-10000556,Xerox 208
OFF-AR-10003651,Newell 350
OFF-AR-10004817,Colorific Watercolor Pencils
OFF-FA-10000936,Acco Hot Clips Clips to Go
FUR-FU-10003274,Regeneration Desk Collection
OFF-FA-10002815,Staples
OFF-LA-10004055,Color-Coded Legal Exhibit Labels
OFF-AR-10001868,Prang Dustless Chalk Sticks
OFF-FA-10002983,Advantus SlideClip Paper Clips
OFF-AR-10000122,Newell 314
OFF-AR-10004269,Newell 31
OFF-BI-10003314,Tuff Stuff Recycled Round Ring Binders
OFF-PA-10003424,"""While you Were Out"" Message Book, One Form per Page"
OFF-SU-10001935,Staples
OFF-BI-10002049,UniKeep View Case Binders
OFF-BI-10002194,Cardinal Hold-It CD Pocket
OFF-AP-10001634,Hoover Commercial Lightweight Upright Vacuum
OFF-LA-10000476,"Avery 05222 Permanent Self-Adhesive File Folder Labels for Typewriters, on Rolls, White, 250/Roll"
OFF-BI-10004094,GBC Standard Plastic Binding Systems Combs
OFF-PA-10003739,Xerox 1969
OFF-PA-10003953,Xerox 218
OFF-AR-10000422,Pencil and Crayon Sharpener
OFF-AR-10002375,Newell 351
OFF-BI-10002393,Binder Posts
OFF-BI-10004465,Avery Durable Slant Ring Binders
OFF-FA-10004838,"Super Bands, 12/Pack"
OFF-AR-10002578,Newell 335
OFF-PA-10004947,Staples
OFF-AR-10004930,Turquoise Lead Holder with Pocket Clip
OFF-PA-10003543,Xerox 1985
OFF-AR-10001166,Staples
OFF-FA-10002676,Colored Push Pins
OFF-BI-10001759,"Acco Pressboard Covers with Storage Hooks, 14 7/8"" x 11"", Dark Blue"
OFF-PA-10001622,"Ampad Poly Cover Wirebound Steno Book, 6"" x 9"" Assorted Colors, Gregg Ruled"
OFF-PA-10001274,Loose Memo Sheets
OFF-AR-10001177,Newell 349
OFF-AR-10002804,Faber Castell Col-Erase Pencils
OFF-BI-10002954,Newell 3-Hole Punched Plastic Slotted Magazine Holders for Binders
OFF-LA-10004559,Avery 49
OFF-BI-10004022,Acco Suede Grain Vinyl Round Ring Binder
OFF-BI-10000848,Angle-D Ring Binders
OFF-SU-10000432,Acco Side-Punched Conventional Columnar Pads
OFF-LA-10004409,Avery 492
OFF-AR-10003602,"Quartet Omega Colored Chalk, 12/Pack"
OFF-LA-10001317,Avery 520
OFF-AP-10000595,Disposable Triple-Filter Dust Bags
OFF-FA-10002701,Alliance Rubber Bands
OFF-FA-10003485,Staples
OFF-AR-10004272,Newell 308
OFF-PA-10004248,Xerox 1990
OFF-PA-10004022,Hammermill Color Copier Paper (28Lb. and 96 Bright)
OFF-PA-10001204,Xerox 1972
OFF-LA-10000262,Avery 494
OFF-LA-10003663,Avery 498
TEC-AC-10000487,SanDisk Cruzer 4 GB USB Flash Drive
OFF-FA-10003467,"Alliance Big Bands Rubber Bands, 12/Pack"
OFF-ST-10000617,Woodgrain Magazine Files by Perma
FUR-FU-10001847,Eldon Image Series Black Desk Accessories
OFF-BI-10003529,Avery Round Ring Poly Binders
OFF-BI-10002609,Avery Hidden Tab Dividers for Binding Systems
OFF-FA-10002988,Ideal Clamps
OFF-BI-10000605,"Acco Pressboard Covers with Storage Hooks, 9 1/2"" x 11"", Executive Red"
OFF-AR-10003896,"Stride Job 150 Highlighters, Chisel Tip, Assorted Colors"
TEC-AC-10002370,Maxell CD-R Discs
OFF-PA-10000955,Southworth 25% Cotton Granite Paper & Envelopes
OFF-AR-10003856,Newell 344
OFF-AR-10000315,"Dixon Ticonderoga Maple Cedar Pencil, #2"
OFF-BI-10000145,Zipper Ring Binder Pockets
OFF-PA-10001837,Xerox 1976
OFF-AR-10003183,Avery Fluorescent Highlighter Four-Color Set
OFF-AR-10003732,Newell 333
FUR-FU-10000206,"GE General Purpose, Extra Long Life, Showcase & Floodlight Incandescent Bulbs"
OFF-LA-10004272,Avery 482
FUR-FU-10002107,Eldon Pizzaz Desk Accessories
FUR-FU-10003981,Eldon Wave Desk Accessories
OFF-LA-10004178,Avery 491
TEC-AC-10002380,Sony 8GB Class 10 Micro SDHC R40 Memory Card
OFF-LA-10003388,Avery 5
OFF-EN-10003845,Colored Envelopes
OFF-PA-10002001,Xerox 1984
OFF-BI-10000042,"Pressboard Data Binder, Crimson, 12"" X 8 1/2"""
OFF-AR-10003770,Newell 340
OFF-AR-10004956,Newell 33
OFF-AR-10001770,Economy #2 Pencils
OFF-SU-10003936,Acme Serrated Blade Letter Opener
OFF-AR-10001022,SANFORD Liquid Accent Tank-Style Highlighters
OFF-AP-10001626,"Commercial WindTunnel Clean Air Upright Vacuum, Replacement Belts, Filtration Bags"
OFF-AR-10001231,"Sanford EarthWrite Recycled Pencils, Medium Soft, #2"
OFF-BI-10002160,Acco Hanging Data Binders
OFF-AR-10001919,"OIC #2 Pencils, Medium Soft"
OFF-FA-10000611,Binder Clips by OIC
OFF-AR-10004582,BIC Brite Liner Grip Highlighters
OFF-PA-10001752,Hammermill CopyPlus Copy Paper (20Lb. and 84 Bright)
OFF-LA-10004008,Avery 507
OFF-SU-10002522,Acme Kleen Earth Office Shears
OFF-FA-10003472,Bagged Rubber Bands
OFF-PA-10004239,Xerox 1953
OFF-FA-10001229,Staples
OFF-AR-10003251,Prang Drawing Pencil Set
OFF-EN-10001535,Grip Seal Envelopes
OFF-BI-10004967,Round Ring Binders
OFF-BI-10002813,Avery Reinforcements for Hole-Punch Pages
OFF-FA-10001135,"Brites Rubber Bands, 1 1/2 oz. Box"
OFF-LA-10003714,Avery 510
OFF-PA-10000308,Xerox 1901
TEC-AC-10003709,Maxell 4.7GB DVD-R 5/Pack
OFF-BI-10003094,Self-Adhesive Ring Binder Labels
OFF-AR-10001573,American Pencil
OFF-LA-10002368,Avery 479
OFF-BI-10004656,Peel & Stick Add-On Corner Pockets
OFF-AR-10004027,"Binney & Smith inkTank Erasable Desk Highlighter, Chisel Tip, Yellow, 12/Box"
OFF-PA-10000141,"Ampad Evidence Wirebond Steno Books, 6"" x 9"""
TEC-PH-10003655,Sannysis Cute Owl Design Soft Skin Case Cover for Samsung Galaxy S4
OFF-PA-10003919,Xerox 1989
OFF-FA-10004076,Translucent Push Pins by OIC
OFF-AR-10000896,Newell 329
OFF-BI-10004876,Wilson Jones Suede Grain Vinyl Binders
OFF-BI-10003784,Computer Printout Index Tabs
OFF-BI-10000831,Storex Flexible Poly Binders with Double Pockets
OFF-BI-10002012,Wilson Jones Easy Flow II Sheet Lifters
OFF-FA-10000089,Acco Glide Clips
OFF-AR-10000462,Sanford Pocket Accent Highlighters
OFF-EN-10001137,"#10 Gummed Flap White Envelopes, 100/Box"
OFF-PA-10000859,Unpadded Memo Slips
OFF-AR-10001972,Newell 323
OFF-AP-10002906,Hoover Replacement Belt for Commercial Guardsman Heavy-Duty Upright Vacuum
FUR-FU-10003026,"Eldon Regeneration Recycled Desk Accessories, Black"
OFF-FA-10001754,Stockwell Gold Paper Clips
OFF-AR-10004707,Staples
OFF-PA-10001661,Xerox 1922
OFF-FA-10003059,Assorted Color Push Pins
OFF-PA-10000048,Xerox 20
OFF-AR-10003986,Avery Hi-Liter Pen Style Six-Color Fluorescent Set
OFF-AR-10000823,Newell 307
OFF-BI-10000494,Acco Economy Flexible Poly Round Ring Binder
OFF-AR-10002833,Newell 322
OFF-FA-10000490,"OIC Binder Clips, Mini, 1/4"" Capacity, Black"
TEC-AC-10003433,Maxell 4.7GB DVD+R 5/Pack
OFF-AR-10003723,Avery Hi-Liter Fluorescent Desk Style Markers
OFF-LA-10002473,Avery 484
OFF-AR-10003958,Newell 337
OFF-AR-10000369,Design Ebony Sketching Pencil
OFF-LA-10000973,Avery 502
OFF-AR-10003477,4009 Highlighters
OFF-AR-10001149,"Avery Hi-Liter Comfort Grip Fluorescent Highlighter, Yellow Ink"
TEC-AC-10004127,SanDisk Cruzer 8 GB USB Flash Drive
OFF-SU-10003002,Letter Slitter
OFF-SU-10001212,Kleencut Forged Office Shears by Acme United Corporation
OFF-AP-10004655,"Holmes Visible Mist Ultrasonic Humidifier with 2.3-Gallon Output per Day, Replacement Filter"
OFF-AP-10002203,Eureka Disposable Bags for Sanitaire Vibra Groomer I Upright Vac
